Temperature,Humidity,Cloud_Cover,Rain_Encoded
23.7203376,89.59264065,50.50169383,1
27.87973416,46.48970404,4.990052928,0
25.0690844,83.07284289,14.85578394,0
23.62207957,74.36775792,67.25528206,1
20.59136998,96.85882241,47.67644428,0
26.14735283,48.21726041,59.76627863,0
20.93968028,40.79944444,45.82750842,0
32.29432502,51.84847107,92.55149725,0
34.09156901,48.05711447,82.52487277,0
19.58603797,82.97829323,98.0144499,1
29.79312595,81.31765127,93.92329417,0
23.22237299,76.87794306,72.86978987,1
24.20111403,45.14653801,5.253042102,0
33.13991596,90.32647652,99.91017767,0
11.77590145,96.96000891,47.33186957,0
12.17823249,67.21240727,6.099703564,0
10.50545994,75.45609114,99.14233105,1
30.81549614,65.04844693,57.03767176,0
29.45391877,49.84904006,45.90040227,0
31.75030371,50.03033228,1.978943083,0
34.46545856,51.93943659,42.84011695,0
29.97896411,43.35950029,18.32707472,0
21.53698406,93.13465428,71.89489922,1
29.51322941,90.08786938,0.786690252,0
12.95686065,62.31475529,53.30356805,0
25.99802553,55.70759888,4.371621837,0
13.58383219,95.73548496,71.48299959,1
33.61672293,45.56614285,95.30194928,0
23.04620804,68.74793716,4.332054825,0
20.3665485,33.81487089,10.30841612,0
16.6138903,43.38415379,51.55929737,0
29.35584224,72.28188534,98.24621044,0
21.40375831,76.3528557,41.14567308,0
24.21084872,70.66970731,61.55729546,1
10.46974501,90.87209912,76.16533303,1
25.44088743,99.53836546,92.79200892,0
25.30239307,83.47032895,17.70166511,0
25.42334992,62.55642489,91.14260153,0
33.59370196,88.37542686,62.64242471,0
27.04550748,38.42711759,80.56069162,0
18.98769751,77.82894875,29.55552224,0
20.92579884,66.28364512,50.01009596,0
27.4407799,42.46461204,20.89591901,0
11.50563679,98.10535321,85.46041336,1
26.66916789,53.69061938,20.45790925,0
26.76594674,73.07963842,54.83267786,0
15.25956403,91.50159663,41.79132134,0
13.22315744,65.46821907,4.958951321,0
17.88570877,38.05964951,41.21476492,0
19.09276927,87.3117359,78.43974193,1
24.25491926,54.72496369,52.8932521,0
20.96503784,98.81468082,30.47968907,0
34.70934595,91.86778125,44.54133154,0
12.55112027,89.74145333,77.42655998,1
15.2219189,54.93772243,66.81537598,0
14.03273795,82.99908445,11.09032412,0
26.32770814,99.04303441,53.12465782,0
16.33229006,66.84251284,19.8695239,0
21.65776932,62.95125085,97.84073091,0
16.1106398,31.02660747,73.8625373,0
13.97423959,79.01426381,8.100079497,0
12.75937853,90.0934298,24.82292592,0
26.40823974,47.32200303,7.812567561,0
13.45457378,52.0517204,37.00963577,0
14.91455904,65.04739149,82.26845545,0
19.21812927,35.04561102,6.675554834,0
30.52483075,36.27497333,16.53571994,0
12.42753189,59.47775312,26.74452437,0
30.94862269,48.28532669,62.40803016,0
12.4024602,58.42261118,97.46834479,0
34.41148663,61.80704087,82.27320657,0
21.71628004,98.33913777,20.09265169,0
34.4190272,96.09818741,71.00628067,0
25.12113799,39.78111061,55.63877522,0
28.48158948,91.78101816,49.16278652,0
10.97969481,35.61446636,90.8385807,0
17.07017406,65.53448288,58.81297559,0
13.00491403,41.47369301,13.72096748,0
17.40350494,55.61245017,16.49677906,0
12.96819297,82.0338158,92.19734139,1
17.94957948,59.71538355,8.020519582,0
20.35657486,86.48659013,13.79141104,0
11.60368741,80.31709977,65.31136838,1
27.31180298,95.99876123,22.43374114,0
24.16503636,67.39092144,82.60991034,0
16.63473727,86.15035678,41.60064779,0
23.08120134,52.60349744,48.23998128,0
12.34851277,54.20220916,12.86381577,0
24.39866239,58.03573245,2.816360975,0
33.23240494,58.7641014,75.92362322,0
17.96422381,37.22772545,7.398970375,0
26.6852595,66.33692575,64.01590204,0
13.29494656,36.77622535,53.75314513,0
27.9081801,92.28334951,51.84905464,0
17.23515232,34.32913483,29.96850222,0
14.57978405,61.47861012,75.60286357,0
24.66282337,49.92858465,40.06135514,0
10.50268865,40.8408591,15.12545718,0
30.72350073,84.86856836,5.604314038,0
10.1173869,80.04526792,34.25479958,0
26.94541342,40.21635231,60.80549795,0
16.75019933,74.29359488,22.03220932,0
28.37985055,85.47886171,74.22047934,0
34.05471363,84.13325543,10.87258133,0
16.21882859,36.45957184,47.19647572,0
24.40393336,77.98589033,53.67042533,1
24.80104828,80.12167446,82.10120963,1
24.30629764,90.35163869,11.7947683,0
15.57704082,65.56310372,0.167499407,0
33.81872529,62.27658002,53.37097118,0
21.17813447,97.55814274,15.07250722,0
31.16021681,85.7558579,57.16933663,0
27.48698188,69.11116936,3.290280576,0
17.43592377,53.14319499,49.06750196,0
30.34494549,89.16665972,39.07400058,0
19.91264352,61.88054726,15.62473824,0
32.02757993,36.48796345,46.78472414,0
24.53182182,61.84329909,47.71694083,0
32.04338405,91.03778773,6.788143434,0
27.31328975,61.37975028,67.69077928,0
28.131357,31.00444034,91.36999731,0
22.53310955,72.80397267,61.34427335,1
33.90209087,99.70810024,62.71912946,0
26.09975498,87.20740088,74.84030553,0
20.59637621,73.20665626,93.60706086,1
25.15983035,94.00792208,98.247701,0
10.47982996,86.95071772,49.26848753,0
17.53937042,64.90475469,94.5007834,0
26.50433844,71.38541998,35.92426406,0
17.25194018,81.19049664,72.76448019,1
25.45038572,89.24983148,93.67956852,0
20.71921752,34.07234817,1.623277738,0
13.38685161,84.23627,92.05432422,1
17.45705815,61.3252408,88.50501127,0
24.24912277,76.25589922,20.54858026,0
24.77181903,83.52431077,40.97135997,0
24.35813122,67.76513475,12.29196433,0
26.3300205,41.09603954,74.7186807,0
26.30258175,58.66687821,77.74135602,0
20.78546089,35.38110956,88.09419204,0
32.4136649,78.25104838,44.14519607,0
19.18904675,96.75943274,63.00614902,1
20.89662313,85.66769686,84.36475203,1
32.29808388,57.2850496,9.337831725,0
30.15484973,70.90040472,11.91581676,0
27.59721459,51.29404731,81.77846534,0
12.50567218,67.87319197,44.19694737,0
32.98706534,51.0508834,80.28693878,0
27.85603249,81.68273298,0.015038108,0
34.97117516,48.15390556,11.50280796,0
13.73620762,97.48142733,36.83432644,0
31.70315143,76.33641125,39.76572006,0
14.06232337,34.81444934,83.37578807,0
25.38898911,30.75444345,50.97824983,0
13.09549957,99.79324409,91.79645341,1
31.20020573,45.43539048,42.46977057,0
30.18297397,51.87939239,6.696385262,0
24.22751847,44.58898099,45.79620447,0
20.17958243,94.96712407,41.10087837,0
11.72917489,75.64090018,54.94572519,1
27.43571933,65.30704265,63.9829154,0
21.33856707,69.03555701,5.890447044,0
28.05138999,52.25109931,61.75294327,0
31.65955815,72.99225017,13.22736703,0
34.38803763,59.37202544,43.18131839,0
31.39508356,43.94597025,89.23301731,0
10.2928521,75.96235698,13.38365281,0
18.99945161,56.16883985,20.87595066,0
28.24976406,84.95464654,42.30187634,0
14.29074193,59.07764703,6.039387125,0
23.02591516,65.57899625,28.62766139,0
11.35844971,85.12265354,7.746912783,0
14.99991312,61.3514665,47.70436211,0
10.46304486,97.63547946,57.33787248,1
29.84244258,85.5120067,74.92823555,0
15.5981172,87.85012837,92.32393801,1
18.63379202,96.77443267,43.76208941,0
33.20203234,57.21954402,62.78099516,0
27.61036005,70.60561849,6.006829089,0
10.79597324,78.55142186,47.53138283,0
14.11735391,77.14209385,87.0007363,1
25.53696004,96.70557562,59.22786871,0
24.43071472,50.18440437,37.5101413,0
15.94732053,50.395307,8.924627035,0
33.35534995,94.26030814,49.85858789,0
25.3491489,85.95139492,91.87033173,0
23.39082008,44.23496368,7.389422817,0
24.74774941,69.90328147,53.0871419,0
28.25305074,82.20346139,42.63232855,0
17.79862489,54.71254733,75.94638594,0
19.95552656,60.40675759,15.11504764,0
15.24609372,70.27776282,17.11952774,0
14.65482515,62.69759903,71.60043513,0
33.60930975,82.7129673,67.99575135,0
28.48876988,30.41571276,51.76827935,0
22.26147022,60.42427671,0.455807091,0
15.6853657,53.63069627,85.5664776,0
16.35891204,72.6414837,98.73976729,1
11.45072901,84.31709093,66.74442074,1
20.86041564,35.33016135,93.32279456,0
17.79489705,41.06418135,75.7814603,0
27.40858722,76.55571369,68.41619232,0
19.44379598,81.68817087,35.12634959,0
14.49009194,71.1741244,7.96596651,0
10.61696821,98.79623443,3.217089089,0
11.68124079,64.96230424,45.05615336,0
26.98481934,39.54046346,45.95357416,0
21.34242111,78.04037423,38.61852432,0
23.41448028,72.14528655,2.992301439,0
32.41678233,71.32950325,19.93452369,0
34.75847368,68.20975447,13.65144997,0
15.42242461,95.73669967,1.27386016,0
26.57695508,39.04094778,61.91335641,0
16.58305942,35.1238109,9.894596465,0
10.51627499,40.78820186,14.83895355,0
28.95946635,47.14931469,9.911316293,0
18.00042877,71.50624236,76.46654092,1
19.58659735,72.86976744,88.33784035,1
24.70792784,46.28213142,11.87940298,0
30.77621138,64.24578495,61.56649334,0
25.72454609,63.74432969,61.96886446,0
31.81626639,61.71775364,28.13264906,0
16.83855087,86.24817064,58.8513225,1
29.95117085,63.01851489,43.32817492,0
14.64089861,83.08558472,10.76452494,0
33.81979142,41.65367923,95.82470663,0
27.18720691,67.23771409,67.86354425,0
15.38769193,87.68733432,95.39595102,1
33.68426476,42.44016087,15.10233074,0
28.27139517,62.54455181,79.41536783,0
16.34854106,72.63555212,42.06258178,0
15.33279943,42.93422024,92.96861469,0
22.95501785,82.97359241,68.69909571,1
10.64156795,35.52973735,14.7165443,0
15.18675189,96.24908562,3.247457793,0
20.61713672,62.7755046,12.56222418,0
19.35424951,53.52861605,71.26897772,0
21.58938561,38.1764905,1.054181409,0
16.94071766,60.28176501,47.82645002,0
24.66960866,76.18628206,55.30533234,1
31.59639015,36.61410954,81.2267582,0
12.9382964,51.43883666,44.65948503,0
22.93447768,88.52123079,0.548669527,0
13.30170266,75.23267179,21.87821796,0
27.92149203,44.44611083,4.755429323,0
19.90149257,41.26368571,98.09524049,0
24.1355328,93.31395183,63.84223348,1
14.58199591,50.09141549,0.19200277,0
13.62119398,42.56501182,3.85291945,0
22.20140702,99.9974813,22.55220331,0
18.89031845,51.64342794,77.88555215,0
33.51079863,38.73181315,39.90191855,0
29.13313135,62.32303408,50.53625106,0
28.7165905,60.40415771,87.25087755,0
32.59299349,94.87617331,89.1242927,0
12.08556089,39.39434632,42.78382134,0
23.80481175,36.37954843,76.01594776,0
24.61190172,36.50850696,23.41758093,0
34.04840946,93.30012261,17.51863996,0
17.30368817,61.45584246,97.62942866,0
16.0207195,40.54245697,63.82010106,0
12.50734856,71.56810689,65.72874627,1
10.41074074,67.6336349,87.78378809,0
33.23823292,43.88847234,2.703440199,0
26.74791366,72.21266976,28.58883879,0
29.6288228,53.8161864,71.91700167,0
17.04325264,46.68595374,45.46231906,0
24.66025415,65.72804276,94.28689596,0
11.59888165,50.41544831,45.05744964,0
22.1406899,45.54979452,12.7032218,0
34.43737849,91.58056858,90.73002662,0
31.91263113,40.90338036,0.511677256,0
18.4539738,49.64129841,75.87634947,0
34.03925386,57.02968659,0.833765822,0
15.79254066,49.15468172,46.32150465,0
33.73297056,44.74974498,20.55466999,0
33.53444262,83.98022679,95.16628538,0
29.98006468,53.03113111,39.6740496,0
25.76119842,37.87590704,3.095282415,0
31.85719917,67.86266137,77.67943734,0
17.32550711,38.78419481,31.65839487,0
31.22358888,55.02637252,63.94583401,0
25.4469173,91.72787336,40.52280525,0
10.33092144,55.84128366,43.85140917,0
18.68083795,74.2756282,26.37964427,0
13.70352152,66.02378752,78.83326084,0
34.54573475,39.6407392,46.37204901,0
21.95925768,75.43487185,3.961749638,0
22.43478414,89.92244979,94.47671696,1
25.98681291,36.52487318,49.69207836,0
19.21461515,82.75760624,48.59719475,0
13.42250679,78.31478971,34.64506554,0
30.55294333,90.66624025,63.51478355,0
14.7461978,37.28643525,40.15426058,0
22.78297456,51.39867656,74.94793493,0
15.60792572,78.60040411,87.65825737,1
12.44611211,31.54125852,48.97314648,0
31.55478794,81.38529744,65.2552325,0
34.32298723,90.05850053,29.55369928,0
34.02086645,61.73128367,62.5402798,0
32.66388748,60.40309324,63.52393935,0
29.35118332,49.49282734,51.1974925,0
18.3286288,30.3536309,15.9846058,0
12.02753475,43.04124617,72.53098669,0
20.18102929,98.59048829,31.96641096,0
15.80585355,90.7100254,38.82147904,0
13.31219087,48.65532471,85.15438522,0
11.33567954,97.46242,68.11250541,1
28.13985911,55.73988312,8.267089712,0
10.28568647,50.83097623,56.53790885,0
29.26451871,40.69653448,8.692011441,0
13.67366614,93.11277487,64.54564903,1
11.98805206,99.08947437,39.46523122,0
12.24007586,52.91879828,81.29989571,0
26.80119518,79.24012964,78.01788184,0
16.13418025,53.47123869,99.97083788,0
20.51348667,37.34935175,29.91702728,0
23.93421978,57.48846148,17.50787958,0
31.51377935,68.60989725,18.53182384,0
28.17610657,38.61117314,59.89189867,0
16.75819763,87.27909424,33.45441511,0
13.28706998,64.81541818,90.68548299,0
11.38435801,46.40680668,7.93562507,0
17.53996586,71.4931705,76.48168119,1
16.55295373,85.52815142,48.9710645,0
21.40351417,52.93370443,63.7433436,0
27.08203339,79.10334271,58.78242445,0
27.39063614,59.9501426,53.02586039,0
17.08797116,97.48358182,69.8347355,1
19.4981739,83.96580606,54.57063388,1
14.52877404,54.94456318,92.24716977,0
29.71363781,31.24235713,55.16775859,0
11.42120191,76.02639268,91.96657324,1
27.42493104,43.8510511,80.63350777,0
29.4673849,38.5315423,84.75478568,0
29.43518905,95.2243516,89.72874742,0
16.48556411,99.99642792,20.25564228,0
19.34532845,48.89221744,34.25546179,0
24.68999088,51.12379865,89.93739526,0
16.82054756,41.54922575,14.92147915,0
19.27131998,62.03793432,49.01448922,0
14.926357,90.60906319,10.47485483,0
21.49639709,79.10541665,15.25468066,0
11.11530753,89.24320907,58.88892858,1
29.99489711,45.9937159,39.61015156,0
11.92391117,81.13192472,42.36921256,0
22.97087872,94.29686399,50.81314518,1
17.67025249,49.699128,66.0727912,0
24.43857372,78.34574805,49.93294744,0
33.98583352,58.04601882,34.1772389,0
26.13925611,50.31586516,19.28084747,0
10.88406089,97.87364281,46.44731374,0
20.76006099,54.4043261,37.55530285,0
22.75042131,37.54947769,81.54452418,0
23.40443737,57.20124467,1.529718549,0
27.03481277,61.33748037,57.03977871,0
16.93990244,82.65475778,61.8459265,1
13.22151414,96.49399869,98.78965441,1
19.81689191,87.19398887,88.53642175,1
33.91014307,95.16589179,51.75672725,0
14.67827229,63.2542091,28.85154526,0
32.59959887,80.35215978,1.018499911,0
23.59514875,51.63347095,24.07807785,0
21.42278554,34.8710976,84.74353888,0
32.05103526,55.58314677,97.32562419,0
21.46509904,78.85406598,70.10542417,1
28.10419092,49.22354772,60.38542082,0
19.97563304,90.29841269,60.62341316,1
32.60110982,85.3540995,64.99076291,0
27.2506255,43.58297844,0.178911865,0
27.49055136,53.15857337,36.99584038,0
18.19301004,87.77118323,32.92788221,0
28.91946607,47.07564527,97.79331891,0
25.90152639,53.2121502,0.072669903,0
16.00050683,54.01468527,73.6344717,0
14.01347056,86.07294195,40.52869117,0
29.90978686,32.59211859,6.476037453,0
33.97916508,35.16508882,36.09528608,0
21.45347068,70.49160837,12.78488102,0
24.77460413,57.79783937,3.735996351,0
31.4430661,74.30197237,68.34530623,0
21.43058633,48.65228933,2.468457405,0
33.79686192,93.67078742,1.196410401,0
24.39377905,83.2659321,42.59840245,0
30.51917802,34.74223544,13.05653499,0
32.72109296,84.87338341,44.61276154,0
30.38809547,97.87076606,36.60343179,0
13.98536159,95.97049344,10.2277353,0
25.72246098,81.48386586,63.9707176,0
19.96085647,38.65156274,64.97221863,0
11.5678238,70.32537361,64.46779034,1
20.6008063,49.89629102,86.46300101,0
16.46710167,97.91490605,0.677374074,0
31.22595771,80.22400078,2.773502098,0
10.83261566,72.75359129,52.3165286,1
33.97456805,78.65616298,46.6015528,0
18.88422121,60.65853904,99.05674753,0
18.91767226,56.0915726,35.75360696,0
10.40821257,95.50597056,38.91041944,0
14.63080813,53.23489944,83.57063692,0
20.03148752,32.90052922,62.30921784,0
33.23228543,58.05881079,7.1075121,0
12.49037326,85.32382468,5.765929484,0
33.63253834,75.39278506,52.8551803,0
31.73721326,97.35195428,39.67723518,0
21.35405992,37.43413073,73.54313314,0
18.16752204,93.80824116,62.80621846,1
15.81860323,55.81944357,0.030653721,0
25.36161766,63.18018098,1.687765733,0
10.82686479,59.99375081,83.97144865,0
10.39015161,38.15165968,16.45851801,0
20.71989306,47.3457519,56.95955176,0
11.70185185,81.95900985,94.04968098,1
16.29852471,31.61052793,96.66066445,0
15.52902288,39.37214421,84.42527361,0
16.32977984,31.76471182,88.8923251,0
13.27638078,90.01716401,90.50587503,1
10.30090557,73.21273794,7.655580981,0
12.88710743,41.89500635,85.72428211,0
25.46200649,83.81405561,41.57321272,0
34.35640532,97.67604182,4.266565437,0
34.75862504,95.41922622,53.31711001,0
20.22635238,94.50832835,11.67040456,0
14.07386065,30.54671508,7.911447069,0
25.96904393,71.23094423,46.75788186,0
22.25763366,47.96428316,31.47689858,0
34.73524443,69.525305,88.13176806,0
11.63260518,52.26212024,31.55908435,0
29.58086096,40.75665799,82.25763012,0
17.20996243,61.11456064,0.489121478,0
16.0354655,64.6567429,94.92085348,0
26.56261429,99.28358548,5.432902462,0
16.15157962,32.96715189,26.28833546,0
26.64647794,51.08086392,2.488656935,0
22.93271293,89.63256916,95.93549381,1
20.60222471,76.17868487,5.168511831,0
23.86719522,87.86781223,34.90030416,0
17.176288,76.2203643,66.38402984,1
27.66436766,83.16754164,32.20157966,0
20.37142173,64.5045225,0.748674058,0
19.01363901,44.3414385,24.0572533,0
30.71642286,86.70027026,71.46926467,0
33.1241728,69.74744583,37.82784278,0
11.15018277,39.76536357,82.02853381,0
15.81567482,86.34258188,73.89799714,1
18.71298424,97.10101373,58.59865739,1
30.37416198,54.23147108,9.447532515,0
34.63728569,50.54585765,98.19994093,0
34.22429262,35.72426247,52.06728569,0
32.62370864,76.51438585,26.01792849,0
17.41390663,97.12731329,60.21346385,1
34.80028109,39.5194883,70.67798196,0
16.23550103,63.96117419,46.75044983,0
12.64765387,36.87667293,64.18309829,0
33.77381528,32.38769326,10.80401182,0
15.83550639,76.51507355,87.40655511,1
27.24420663,90.73810227,68.07251314,0
11.45890897,53.62993753,77.29869604,0
28.26772748,91.30356221,11.37350603,0
32.04300531,38.19371694,51.93026826,0
16.81092239,46.65724773,69.25947805,0
19.4764224,93.11247088,52.22828495,1
19.35740458,65.59569256,9.920899456,0
28.71970644,72.57346687,6.065919135,0
15.94518106,32.66127628,61.60162357,0
14.29632748,38.98729371,79.6891263,0
21.23229122,33.90535688,99.66290409,0
17.61171018,93.3500518,56.82174776,1
30.97972806,39.43564747,22.94973472,0
15.94354565,89.47709786,40.50765638,0
22.55973644,54.57242896,10.66396498,0
33.56458999,86.04182475,41.3870669,0
25.84994244,55.55304832,84.01672799,0
31.68223514,48.73788278,39.01997119,0
33.50524223,36.55624908,5.173357581,0
28.76912155,49.64946134,16.59114208,0
27.48937651,63.00358017,66.96777028,0
34.19913917,87.22561592,69.12255147,0
34.86001974,61.67604683,19.80417496,0
21.29554207,98.00049025,81.01415422,1
11.77174445,67.91431076,28.08556319,0
17.31985079,31.74619409,55.57152336,0
13.80886764,59.07571101,30.77056422,0
20.43715937,78.22293752,69.31170191,1
13.28223321,46.40041524,37.56751148,0
25.1029451,78.90409656,76.18069228,0
19.57020148,65.25881136,48.34260967,0
32.38464711,31.80164429,64.02702337,0
34.19486679,84.20470646,92.60531378,0
23.67212254,69.22615927,43.5344781,0
16.87058925,35.77454522,55.06449751,0
24.80576047,63.26498234,18.91177895,0
32.41902896,50.11050172,69.34322632,0
20.16833365,91.57770798,21.27074487,0
23.80195692,49.9448937,68.99582075,0
16.79131919,95.91809497,92.31834303,1
21.38610374,68.22929245,94.13008893,0
20.04283838,52.65295967,80.18281854,0
16.21033663,86.94815122,53.91445966,1
22.6466596,78.81802649,83.72185288,1
17.75952065,58.9773747,45.77596999,0
19.3258716,74.07328119,37.69177017,0
23.12426106,84.50089848,70.23351295,1
28.76487557,89.6090456,20.7324105,0
18.33768664,87.14888996,7.427953948,0
33.10396917,41.6253962,36.60266251,0
31.55796367,87.98726868,34.06353447,0
11.2172574,34.10403412,12.05241031,0
16.34106311,44.01194771,85.45622958,0
21.15338782,73.6048704,66.81477881,1
12.61569722,38.02847678,2.579116349,0
18.71189973,72.23433165,54.01595571,1
28.50243814,51.5575984,15.3803187,0
27.01286203,60.06266096,51.12201367,0
25.55961071,52.06060524,77.12525594,0
27.76321007,34.91214975,41.30536161,0
15.12309217,65.0531127,59.68648887,0
18.54245287,97.45196111,54.64389291,1
26.90606206,72.82483437,57.76058598,0
31.98086908,51.00223101,47.81171345,0
23.59195135,96.93048839,16.70319649,0
17.06749127,57.24660764,24.16142695,0
10.75588145,78.82624137,89.40493466,1
27.75842072,74.38789634,73.82064874,0
10.19710259,96.70375936,98.28658386,1
19.31697675,94.02218861,5.413007624,0
23.26343036,40.36028394,31.65721045,0
33.05278654,35.99801123,95.92876905,0
12.23736363,86.67496295,43.93788109,0
20.14855805,93.34602493,60.43374463,1
10.60782999,64.50815227,56.97414393,0
18.56527461,78.35328917,14.06894032,0
25.55577647,34.88517961,73.11042985,0
16.97669871,45.38630785,5.831259848,0
15.24374874,40.45633363,53.79628915,0
12.89258083,72.08124085,55.26377842,1
24.4285061,43.82779256,20.18484504,0
27.38175015,34.18924209,75.04242255,0
26.79892851,51.15450979,89.61768163,0
33.72152552,77.40487004,97.90679996,0
10.06758035,70.4504607,2.681693614,0
26.17991635,53.15074758,30.97249068,0
25.00980593,88.34352131,92.48238134,0
24.71849025,49.33883756,5.050540703,0
34.069258,48.23833469,27.20251936,0
10.42179183,69.19631876,53.33885543,0
27.41206077,63.47509479,74.01971394,0
30.34196624,61.21808624,22.80564206,0
22.74517992,40.90499333,30.03441878,0
18.34912174,65.32523341,19.45384292,0
29.77100408,48.13132421,44.30620543,0
12.43107314,57.45259178,50.43460497,0
21.05089094,81.34993134,89.92269707,1
22.99880936,95.58039779,77.07543804,1
27.34891027,84.17040756,71.53450506,0
12.2721433,58.39437262,57.26697582,0
15.69398754,71.51231975,32.85802026,0
20.25753907,82.25484711,7.007694031,0
25.58236683,58.99547351,25.8807605,0
32.17401953,55.21737112,19.4687259,0
25.47065421,39.46703072,22.78972788,0
13.33653677,81.5382561,22.67748812,0
34.51450332,88.69560136,43.05466815,0
31.79464337,52.16090877,38.07148797,0
22.56801903,84.84554359,33.70467626,0
33.05869954,72.71491408,88.12375715,0
23.53451984,84.88581325,20.27374146,0
33.0826517,58.79361682,16.36536722,0
30.74743422,82.33034546,7.600289464,0
34.20716026,58.59563825,92.48601555,0
32.99457027,36.21305898,19.43463045,0
10.90084544,68.54052427,57.22679851,0
14.3693001,61.80301085,37.37178193,0
19.72836693,47.7015921,55.52997507,0
33.80356743,92.44793345,64.25663387,0
17.50072299,56.79973139,84.00770298,0
14.0116911,32.7388278,50.7263033,0
32.15761665,56.74950181,32.72407115,0
21.15986039,59.71568655,18.10799237,0
32.69688986,90.31464062,60.68170214,0
14.00576166,85.94282457,13.20043883,0
26.52793779,43.99766101,85.58071523,0
21.00659382,88.73204582,2.778948798,0
11.91216923,47.35490598,84.52998423,0
27.41157862,53.93539037,21.92466219,0
16.18496889,35.37729178,48.7857844,0
10.99038806,33.87494192,73.05207029,0
11.49860746,77.66020846,78.41668389,1
11.52696343,94.63387592,40.17797893,0
32.69332394,64.5111798,49.94547589,0
28.49709795,89.08655984,2.957265813,0
32.45155893,85.56258748,34.40260592,0
26.81455778,76.52751064,26.15788479,0
23.22349823,98.47602518,39.00690741,0
17.61115911,86.15315446,30.08933703,0
34.94905628,49.23910759,15.97398037,0
19.05472647,85.23099724,94.17303184,1
21.76622373,78.48631524,42.92788344,0
19.45612937,57.96643126,63.7802712,0
34.48817323,35.37582292,92.67611362,0
14.36645963,45.00516707,57.24738149,0
18.19970002,85.80665242,12.6999165,0
27.00871665,47.39397017,78.85813569,0
11.58019046,99.85005881,77.4664072,1
25.18123435,78.5791698,40.46097405,0
21.94116257,63.40557365,53.93936247,0
17.09999942,69.93056831,42.48860047,0
15.96033202,72.76109065,22.42444539,0
22.86281858,97.8261374,76.29217108,1
19.19818951,41.32188362,74.44350263,0
21.41299728,49.06770619,64.70558919,0
18.43693454,79.67137336,45.56404906,0
34.26234234,46.79005882,46.48060327,0
13.33598579,90.99080135,29.84438484,0
12.42009883,54.2573923,26.57245906,0
18.58479322,42.65875799,84.89713968,0
24.77567252,33.33345326,85.93742224,0
26.4794118,71.69165282,1.534487795,0
19.93141868,87.76975327,71.96063469,1
34.98194985,49.16551778,32.99221137,0
18.7973249,94.22776404,91.93473437,1
28.0351667,83.04139891,24.21201532,0
25.93956736,34.29104777,33.5403139,0
30.32634658,70.08430977,74.73360945,0
34.40564159,69.72086582,7.409936007,0
32.24484141,44.16606135,70.80390468,0
29.11404936,53.41810651,67.46788237,0
27.45621195,62.07952255,30.40216459,0
18.38745424,33.36544749,71.27693188,0
13.69213946,40.48434865,90.29247042,0
11.56590008,41.48030724,80.39412208,0
16.04754261,56.54650281,51.78423426,0
20.80703703,82.31502211,13.24455021,0
23.04990684,88.19125614,89.23392335,1
29.32708885,41.39943322,48.97180794,0
33.96852308,82.63342252,40.78775293,0
12.93301201,76.94969709,54.77531786,1
12.6751035,92.34811743,21.35476257,0
24.74236808,97.81538778,33.61911578,0
28.63495185,38.71224262,73.5505543,0
31.20375951,35.6471703,56.34743821,0
33.39580201,85.98110903,76.22788552,0
34.58565606,41.35196112,76.1964602,0
19.99504231,43.6202167,75.35793985,0
19.50837959,91.74251458,14.41886187,0
13.69521692,95.7275428,65.02014511,1
27.12336097,52.29298707,48.01799251,0
26.41904896,88.95176703,6.209095232,0
31.5515649,90.11998367,83.50537825,0
12.43144987,72.37733364,21.97151747,0
22.4444227,69.62619136,1.294027726,0
24.52704824,70.30868865,64.34368865,1
16.038926,51.09024313,17.21053122,0
14.22563515,73.32069273,6.170667283,0
31.48952091,47.05061898,93.37709367,0
11.46337306,42.43426031,14.84785988,0
21.7655226,58.90653181,52.00493316,0
12.89585003,79.40462961,36.72992915,0
21.42646903,73.49993811,4.474059783,0
34.49905816,97.54174555,31.43537688,0
20.59265884,75.2519138,35.04703867,0
31.42812294,39.89198349,49.3437687,0
12.9328891,41.28527493,70.67345745,0
16.78130192,36.51469981,99.99779518,0
20.09481852,43.38216355,51.857127,0
19.9953035,71.85656305,94.2753117,1
26.78458697,88.68005325,52.74509734,0
18.61795318,92.57073564,59.36823176,1
27.84417171,58.00307207,13.90670291,0
25.97967248,69.100812,57.08257974,0
19.97902863,86.64397145,26.05620176,0
20.79400319,51.84493648,27.40484268,0
25.3631925,71.69683031,43.38776562,0
11.75105475,42.18577577,65.37382679,0
30.56016846,63.35782384,61.73297196,0
26.33552903,42.11505823,30.62756491,0
28.15856161,62.36984732,2.875162194,0
23.42307503,57.77737842,24.40465801,0
12.76192777,60.32853765,45.28310478,0
20.12589033,47.05985583,90.9515427,0
20.13433957,39.52303397,61.0362849,0
18.02607475,49.29657295,87.75079247,0
10.74875812,46.77060275,59.40274432,0
28.43135606,81.40073418,44.3167436,0
12.74461145,80.18825511,32.85818088,0
25.15770333,70.91380956,97.00932119,0
27.58043741,36.39336587,47.82487096,0
25.86965807,69.6383298,35.92466881,0
33.9785563,35.54659182,90.77281977,0
12.58245388,31.27211135,81.18643591,0
31.67917898,54.68172806,58.87394715,0
10.72975587,46.83814433,56.60642344,0
23.37292137,71.6253377,49.73506185,0
20.10609045,95.00497416,9.631765225,0
23.10459651,80.38964194,68.74972147,1
19.12749693,83.71526034,37.55335371,0
14.76417287,96.56251773,1.702227639,0
10.47807244,74.38637566,72.60556873,1
22.95374534,70.4411659,12.93070125,0
31.06942157,72.13075832,79.79166409,0
19.33039889,90.60636796,25.95655763,0
15.57159545,57.16693246,58.64076213,0
12.01330009,85.67353578,56.9764119,1
12.13277308,75.65798545,17.68701787,0
15.53491116,51.32000855,43.90373499,0
12.50035152,30.95818877,81.90376676,0
16.62599246,44.69439931,97.19797206,0
11.65373655,78.99921352,1.816508687,0
11.64012168,70.57832168,14.6654183,0
31.40690449,49.22162899,61.74395713,0
14.05300652,60.401173,0.251310631,0
23.99206015,76.28041359,75.79900174,1
29.33638861,38.89602983,58.30129088,0
21.41023913,60.25957066,67.286454,0
13.83422195,59.16369505,62.42408942,0
14.98990355,67.98207141,59.90137899,0
20.82460516,66.53395762,10.24123925,0
23.20585223,55.74086795,23.52247482,0
18.7360073,83.39135402,46.39174423,0
29.53699001,34.7060328,33.4390496,0
28.77554122,32.48769308,78.3060527,0
33.18029518,59.41815377,67.52730014,0
10.72381373,92.76859751,31.14703764,0
32.39228228,49.42985454,95.10892379,0
19.81421971,42.06165273,64.42419358,0
31.95931238,94.9745876,84.66251672,0
27.2696194,41.77562782,90.45852879,0
34.68371893,56.23883757,19.76332564,0
28.98206129,81.03108572,39.77311936,0
19.11361565,48.26468059,6.096895711,0
22.52657932,46.08946695,14.78211424,0
19.40972888,57.83670638,58.74662405,0
19.1227959,85.11553702,51.71332043,1
16.52261248,93.76883472,43.75234421,0
22.39925738,32.19047695,71.69623897,0
27.04349863,41.55756892,26.59065539,0
16.93350678,97.10209024,41.44470974,0
23.10949528,71.49539041,93.82162707,1
12.93450735,68.59871884,56.70903364,0
13.99613217,86.94805755,68.14334991,1
11.17015887,32.78483086,74.54971686,0
34.26828607,30.96853758,44.67143436,0
10.09650879,97.72458348,43.08094539,0
14.4644992,87.99994799,47.02043373,0
25.32166883,82.31672471,86.20196996,0
12.03423997,40.89905391,36.36156156,0
32.04741258,63.36227461,88.52820636,0
27.99050395,95.6105477,4.09168324,0
34.15974929,95.35197169,25.28351599,0
22.69088868,30.64729749,89.73888178,0
17.51009208,82.67439863,93.27709877,1
23.73751432,30.43664365,20.76749186,0
33.27046793,98.90112094,21.71597637,0
23.01903593,59.18770414,75.42459126,0
16.6801758,98.14631306,36.14654394,0
31.93496973,55.74227663,20.56558786,0
19.29796871,50.52311034,22.72353924,0
10.03458375,52.14043747,30.41842583,0
16.19212556,81.14753466,83.29879458,1
17.95583773,43.97709838,45.63776588,0
31.46943671,90.48403843,12.70886121,0
21.46257918,71.34008855,37.15360778,0
21.1146822,97.89377182,32.31677929,0
18.40255666,99.09594324,7.610170409,0
32.01695308,42.96274009,82.32915357,0
33.62566942,96.90474375,73.13505482,0
34.79725823,33.25769405,43.55620985,0
19.41853167,31.95046069,70.15428562,0
34.15368614,96.07052041,33.87094087,0
29.79698924,97.36777162,93.58360143,0
26.89222869,40.30733709,50.07817164,0
16.12223699,60.96910708,11.12029246,0
15.41143152,64.58647696,47.51819343,0
14.15119561,90.21968656,36.0130794,0
33.06891526,73.95420702,3.410418998,0
17.35191656,84.21964969,34.97097976,0
21.32735614,63.95677918,97.63408178,0
22.34894585,75.38895916,25.96493654,0
29.45428989,81.4786552,72.40027708,0
31.10587404,81.65168987,15.41398456,0
13.47681753,30.12164787,16.93204845,0
20.67260901,36.99356516,29.64909702,0
31.0713722,55.45623088,1.461472052,0
30.45083264,34.2838213,48.36453642,0
12.56034396,56.80927917,96.98255037,0
13.90958372,57.26967939,28.15309114,0
17.60496729,94.41634761,66.98275621,1
11.88397673,69.69502984,84.42811144,0
20.61657507,79.44458964,93.94560179,1
12.69044263,92.10390775,2.53263322,0
24.20543984,60.94905245,84.51184246,0
16.1639235,30.13735012,8.139958627,0
24.91082663,49.97352172,31.33866714,0
12.93814107,86.991109,74.26521104,1
34.39709671,93.12888189,36.82395866,0
33.3140301,54.60567068,5.651562509,0
19.79492346,50.57938771,74.32450114,0
16.05446485,94.71536477,55.67660757,1
16.25995532,54.57516152,46.52602412,0
22.08483838,75.65716317,41.35568891,0
10.99982005,49.62164645,62.81556709,0
25.99262765,36.85431592,91.70496213,0
20.20757271,65.08654183,42.0459671,0
19.43516431,94.6262286,38.76140807,0
30.23412429,73.30485277,36.12668296,0
27.7258865,44.61786373,19.91907148,0
33.85834538,77.77007014,83.27631978,0
18.79840601,83.78528009,23.01615777,0
32.43856912,52.45323933,55.44115855,0
29.24917966,69.1446581,78.13413968,0
18.93561629,77.7367192,2.5794481,0
25.54163591,41.22472018,50.35141059,0
17.21424894,97.48706578,40.22183543,0
31.85999793,61.5876373,7.278304989,0
12.81068293,98.57650733,81.87243586,1
15.31085903,43.27017061,40.29862463,0
14.5758323,63.86414824,37.27027081,0
20.07565006,41.60975576,67.34168426,0
28.630824,30.71265757,44.34763728,0
23.17268623,46.65126208,37.20841154,0
22.19190809,58.22311359,56.24416131,0
10.01364912,60.17915164,36.12358113,0
20.63504313,92.05536086,75.36367849,1
11.58884437,74.49740847,75.82851937,1
15.2063313,60.41091587,75.50405763,0
33.30984847,99.15983897,79.0345769,0
15.38495511,72.99570321,54.34725562,1
31.45844097,52.58640755,82.00676824,0
30.07233429,78.39176168,26.84835756,0
13.97865592,64.69899459,91.43941608,0
25.14279893,91.68173858,40.20363384,0
12.8915468,92.75578834,53.02157679,1
28.19720396,55.71452801,16.62451573,0
25.93655693,69.36373356,3.504399746,0
30.29846404,48.60414108,9.17548446,0
21.98461373,73.86457262,0.21782326,0
32.8715772,99.46428736,77.06258118,0
11.23372367,88.28119625,75.96322224,1
17.32221413,55.64869302,41.67566245,0
27.87631494,36.67662464,60.86338599,0
20.45273029,97.66773912,15.00442826,0
14.32378386,57.27093451,84.45494835,0
12.68026864,50.53666253,62.10661076,0
30.43347779,52.1434775,35.23662354,0
21.82857446,64.29463566,85.62891173,0
32.0570918,96.97259791,71.06284804,0
28.33222836,99.06356249,41.82770355,0
20.24315514,50.72887091,36.31214854,0
19.33777535,54.60280954,20.15151312,0
22.89095867,65.8264592,17.47887713,0
32.22649883,30.5731102,45.14840764,0
28.43196449,42.23855943,36.99757334,0
10.12882411,95.52413144,6.138790303,0
27.35394628,32.06046659,31.01490325,0
32.98768517,37.06833958,13.37394127,0
27.76139399,59.44529119,80.20842827,0
14.42514454,81.20151744,47.8216137,0
22.08795319,48.82147613,18.41494189,0
13.50790045,51.41759134,16.1431468,0
18.97488196,51.38310861,81.86325614,0
33.42792605,91.08213487,55.67887461,0
33.08263269,45.82683244,50.29166929,0
17.0709213,69.36812782,44.79990163,0
18.4907761,99.99518029,74.45022908,1
25.0053217,80.99258464,55.03180383,0
34.07993238,53.54454587,11.93261389,0
13.69503335,83.58212792,6.945752762,0
16.42291609,96.77409952,26.78733328,0
31.83892068,56.1476465,97.3263993,0
22.29730579,79.5607868,8.167300339,0
32.47402731,35.30629842,53.79903723,0
14.63794744,92.67077857,92.08591928,1
23.31671469,36.73797072,7.685647916,0
18.15674082,56.10475674,19.02584407,0
17.913564,67.975409,62.09882239,0
21.1719241,48.45043497,1.383137246,0
20.82693623,75.44885282,92.62517964,1
18.93367199,68.81001092,10.73609324,0
32.87426926,80.20296682,6.042629766,0
28.29360464,54.78975556,19.22297521,0
28.18867478,68.22097228,61.03448635,0
17.24783624,86.85297801,94.10637476,1
24.44273561,86.74874422,47.90749158,0
29.47948583,79.99679824,53.52699095,0
29.88975921,67.93551227,44.3080331,0
18.61326152,77.12827705,53.63473284,1
29.27181891,36.08162031,26.93527466,0
28.39734742,62.99220405,69.49268157,0
13.53766214,90.21004502,70.99285854,1
31.64863671,72.51553752,52.08410323,0
21.03303675,95.91781741,85.95083869,1
22.16026122,48.35249649,66.07967872,0
21.20922947,36.74112615,49.34955089,0
24.19615004,73.86294049,84.2113261,1
25.52923118,36.36481509,58.43205469,0
22.45448914,84.74947544,7.600243311,0
31.66971358,47.97196857,80.26081068,0
25.6933689,67.71263009,84.55903388,0
20.03569873,86.79639282,4.807609615,0
20.41729392,85.16247581,77.04158719,1
30.27096538,64.7182519,98.08588711,0
18.70479857,98.30924893,79.07331077,1
15.28636989,64.834321,39.78794563,0
11.4845797,49.51539917,71.77293639,0
31.9006712,51.17018712,29.21742204,0
32.96366128,82.05499067,65.77465844,0
13.00300455,60.59749272,51.75209487,0
18.36184354,59.31519393,66.22274074,0
14.38430174,31.43406167,41.383579,0
12.89746172,51.36947123,15.41675541,0
32.49666858,90.22681559,42.10430439,0
11.42193148,86.24531488,47.74091185,0
34.51214159,82.2557602,67.78617516,0
12.41127152,31.61898707,28.45136956,0
31.58676623,31.8893204,64.56507764,0
24.16265267,51.80254716,23.38374948,0
19.1979372,63.21172906,76.49086777,0
18.55855942,93.68188876,72.21115995,1
28.93410358,56.92408712,11.77483072,0
17.86433238,50.1967502,59.26549039,0
26.43297292,69.98070778,8.805002693,0
22.93315209,94.02860097,96.91243186,1
22.12414113,81.7047098,33.92396282,0
32.52905427,89.96663974,2.026114965,0
23.86612647,42.75383514,50.36150487,0
30.67154008,38.79651117,12.18626686,0
28.13933835,68.08497936,65.09428121,0
10.96393115,78.8159578,73.10060859,1
29.32775131,96.84916337,85.92659733,0
15.42175625,56.00740859,88.86435019,0
32.57874117,54.25897965,30.94495363,0
11.07310477,66.10980085,35.77597425,0
18.32680086,77.94565557,97.44728953,1
12.49332368,69.6216644,43.39218223,0
21.88972793,80.61214853,40.47058663,0
30.5005609,56.6220456,92.53606319,0
17.45468399,90.35383411,18.73023298,0
13.77337243,42.80829155,47.40757745,0
18.25667589,52.113325,48.54259741,0
30.34700355,84.15743646,74.25282587,0
13.50959894,53.49705778,43.54135025,0
15.68406123,76.77082217,86.32221121,1
11.72129911,50.14583265,67.02469813,0
27.6427511,43.09730397,93.09675326,0
19.88083109,51.05127948,26.20211884,0
17.77099943,92.08953079,81.24025082,1
27.96565976,62.26181901,11.6773209,0
18.39943856,45.77906076,80.19300984,0
28.19428183,52.50070124,84.87292395,0
30.37998488,30.19396696,40.65964831,0
15.44157109,82.90658014,70.00138364,1
34.34546742,45.79742167,96.87024547,0
14.0589487,71.85447282,18.49339025,0
17.27102267,31.75766767,61.81409583,0
14.49488227,88.41489024,4.743053076,0
18.63764141,43.12113275,33.8603675,0
22.0015222,30.33378644,14.11867841,0
23.05439673,51.08314659,53.67829916,0
31.34015106,94.43409832,60.32158566,0
32.23619772,48.38299526,98.9405768,0
15.50259652,65.24351867,96.6802485,0
25.5723508,58.50608911,88.26613407,0
12.78740143,50.59744808,56.74812847,0
21.4742465,94.9147505,88.60628513,1
18.05833845,85.22964356,35.49178172,0
17.91251864,83.33393208,20.09312518,0
22.06460604,66.82749871,52.6045387,0
28.24569089,87.74031716,53.12092983,0
11.72956647,62.09000607,91.0071639,0
31.97933344,62.56326853,0.573624752,0
28.37034437,64.56418444,85.55514528,0
14.41248472,46.58371577,60.82354969,0
33.47902273,94.65563016,93.96444968,0
22.6578056,48.11254724,74.52159321,0
34.99521445,43.871165,36.62594511,0
14.93148686,47.06262553,63.47991568,0
23.37270496,87.21464816,36.97196641,0
17.25620106,83.79819464,92.15654831,1
17.60433893,59.89747659,1.968475822,0
24.77663452,30.96473332,55.47901378,0
33.04297667,98.30145233,50.73313912,0
30.13159639,39.27716842,19.01395631,0
28.09853496,89.59958736,42.81466619,0
23.97934455,84.72061606,29.68920254,0
33.05746259,95.66530472,67.04098417,0
22.30903517,84.13789774,75.31287283,1
31.84580446,53.19601136,77.1395688,0
30.8495411,46.23398304,39.43519249,0
15.34588367,56.43835743,19.13893581,0
29.28063657,44.21610194,29.40501097,0
10.30427892,80.37023234,53.47341099,1
18.07073844,87.85630427,61.53026101,1
15.73918612,75.25072247,79.48729777,1
22.67157396,43.02649119,71.97363915,0
28.42132904,32.61692977,17.43699066,0
12.44190919,70.62808868,74.39909888,1
22.87305505,62.38711736,11.51107045,0
33.46030054,43.97927497,91.77544728,0
15.71616377,55.76587316,68.97700594,0
26.9285286,67.90263789,11.19133665,0
24.82200677,74.30419786,83.65778507,1
10.25159239,63.36506443,67.84189146,0
21.8956549,97.99749752,71.18971268,1
27.71925977,33.23584803,48.74288759,0
11.0993858,76.07455391,60.47052148,1
31.98803708,93.66905313,42.81136223,0
23.00203542,46.55949478,56.75095575,0
10.76652621,44.95950316,78.97911626,0
15.6103403,83.35629652,19.97644113,0
33.84189241,64.04616559,87.589604,0
24.55799333,99.45242547,30.60090381,0
12.68681419,71.23865343,14.75665086,0
17.18861256,94.64093534,63.45490613,1
21.41759065,30.85473638,52.44097493,0
10.52375173,40.81777343,29.15334893,0
20.29038784,77.90933313,62.81707217,1
22.23646589,59.15264589,71.4351874,0
16.09194688,88.51751986,27.25880078,0
24.71597501,60.02286648,11.66408405,0
28.83100299,79.90976874,51.03051171,0
15.8958556,69.63120119,28.29793171,0
25.51249751,38.39324971,32.5225141,0
25.99055607,80.25658447,49.39689221,0
33.71350753,79.44602609,73.12004656,0
29.45690418,38.10027058,1.495998018,0
31.20863174,69.33380205,47.82173717,0
22.26049771,53.49550123,12.34901417,0
14.63371467,62.11948474,85.32278234,0
34.89538232,59.59310851,25.97767488,0
13.23389403,37.3342083,40.40034345,0
21.78643298,41.06160904,4.742344875,0
11.70232748,36.07660313,14.91427858,0
33.59627143,43.47129095,0.178979032,0
34.12312352,89.67110705,36.00353093,0
27.98472655,31.71658545,81.06878069,0
18.74982109,60.21320752,57.57784452,0
16.35956003,86.06554721,83.99061454,1
16.63258311,37.01807432,17.54583007,0
13.18235064,45.93995131,67.7341553,0
23.14522383,80.92077953,74.58575639,1
13.54543189,75.32867028,34.4000886,0
17.91826666,69.41166857,11.42976811,0
25.6676619,42.01485716,74.22027566,0
28.18859024,85.61717084,52.1470526,0
10.60681762,39.89898783,46.97313237,0
20.75289961,39.43585263,83.71100397,0
26.30311487,85.6524531,49.29061273,0
31.3311494,55.84563295,29.49754594,0
21.88311956,51.88319811,74.8431728,0
34.23014679,49.50704359,26.98471876,0
16.64081369,52.74804745,27.62854882,0
10.33771767,53.84113198,20.87347895,0
22.09382162,78.74573855,10.33873238,0
16.40284488,46.81835408,80.15755961,0
30.5929418,52.77285174,70.06849342,0
15.8193168,84.33480559,38.32131854,0
17.76573046,93.92054013,72.49844688,1
29.78068578,72.89851792,96.12457768,0
27.8785813,37.35827606,46.6248595,0
23.95128092,67.91092625,48.82853565,0
27.62370155,73.9445212,52.90607545,0
20.46592159,51.98368879,26.65601805,0
10.13275119,87.9600261,24.80040599,0
10.28387821,84.74551675,48.83847222,0
22.78054469,70.27146947,50.0730461,1
12.08227449,40.15109126,28.92819735,0
11.276887,78.8167026,58.23129335,1
34.13791598,92.67440647,77.07913549,0
31.47506599,47.50707768,68.95786362,0
13.80068068,97.1080127,14.71084715,0
10.01660546,83.99116779,64.23917699,1
33.54169488,51.02251023,0.341828949,0
16.95813246,73.17747869,39.26967669,0
14.64744007,51.54935525,46.10278492,0
27.2877027,36.96275133,79.55567869,0
12.72259347,87.69040687,88.0093893,1
16.61623995,76.60649242,71.81977236,1
34.37736701,72.98004559,77.52522499,0
25.98656936,39.95210165,93.16137924,0
23.01694479,56.41639792,48.4547148,0
19.94796537,91.3645256,27.97202152,0
29.36252387,41.43131225,37.01408855,0
13.52393691,33.35320209,42.86238421,0
34.18344505,43.38060338,31.61532483,0
31.5280752,47.5126005,30.37141388,0
25.44142456,84.85497666,98.26898437,0
11.07265476,75.36990298,99.23268911,1
27.52139124,31.21399228,64.29280916,0
32.83210852,31.21027569,80.97938358,0
23.11442669,69.68275002,72.11448533,0
18.85562055,74.33047097,68.21117267,1
13.00693362,38.77953166,14.65081913,0
28.8725276,72.73235065,13.67218073,0
32.12554628,46.82463373,88.58398627,0
12.5062936,53.57049397,1.426712723,0
28.97461387,58.61821063,67.9763879,0
10.42651216,38.13363574,80.47853385,0
34.17637295,97.41655238,71.79130382,0
25.37645052,98.16351175,14.44092626,0
23.81097647,61.15011824,64.05039958,0
17.39874584,48.02265347,12.34867721,0
33.23229179,97.10161126,46.22472784,0
16.64764068,87.26401776,65.48325231,1
30.70366533,80.69600239,37.18700472,0
34.62771698,62.32682511,51.72458364,0
29.58491614,58.7405091,94.69545504,0
22.97474801,84.55444906,31.03896479,0
11.6518566,66.37295744,17.5009904,0
21.81034473,76.24074972,90.75651158,1
20.95639867,69.63350871,48.32537045,0
15.06990103,79.8529785,49.63565991,0
20.58969092,36.58735029,95.35625932,0
18.9439471,56.43347648,26.78076662,0
14.09210653,41.6962432,79.64776765,0
21.03435358,46.943073,56.01559369,0
16.56999891,44.05769936,69.00177636,0
23.05156052,65.23256095,47.0643618,0
10.87900149,31.3295092,38.38588356,0
32.65578549,97.47773214,14.40601903,0
30.40910764,66.32746785,98.75002012,0
23.81453331,33.68000599,72.72010974,0
31.29521457,77.74376883,45.50694922,0
34.05987685,48.82216351,49.29177354,0
12.76305735,37.47373148,0.025384271,0
25.77079521,88.12125802,2.960750666,0
34.94985002,43.8535322,80.75766435,0
34.69722923,37.33279882,4.616969545,0
25.08307481,33.98345168,77.17126099,0
13.20052176,80.99904205,71.33640595,1
24.57982077,75.86898731,67.93239328,1
10.05161589,30.57393984,54.45057688,0
14.97278337,45.50363783,34.73281881,0
33.90307899,79.32774218,97.25981195,0
18.26101432,40.64985983,91.0737561,0
25.95975264,70.37255482,47.43149316,0
17.02148737,44.92095267,17.5419966,0
33.69554718,61.44639994,23.45775913,0
28.21396825,90.71961433,1.401617295,0
18.24127894,51.18174991,87.22752522,0
29.79403553,78.01806729,36.34138754,0
12.70413811,60.67968629,48.58198983,0
19.8079735,36.7308678,52.64532552,0
15.53045319,55.24444956,79.31332898,0
27.09316118,88.88960464,61.51297099,0
12.56115704,98.11323696,6.928096474,0
19.92564581,89.15571694,37.70959727,0
16.91624326,41.35598735,45.62685333,0
22.65857298,54.18565089,71.82360057,0
18.74744201,88.1831711,78.4042585,1
27.66026444,68.77271541,0.516274604,0
10.61442561,84.3330058,59.86644995,1
25.84967303,84.44482866,2.974505068,0
15.76428224,34.97615304,83.54551855,0
16.71772572,53.96845959,24.00393601,0
30.00639009,63.53150538,33.3131225,0
33.88920985,96.16573051,23.29414172,0
17.91375525,92.87601607,86.77729268,1
30.67013176,59.61223881,30.06844959,0
12.59977095,36.69661492,74.21213219,0
25.84954133,58.31796008,61.29686757,0
28.77580749,67.51323328,86.27214843,0
13.8994482,93.3078034,19.77611407,0
20.65005969,50.6415487,51.7221579,0
32.31767911,51.6204902,83.36702063,0
12.58946159,73.90282642,61.05980329,1
10.45240896,65.36340885,1.225480285,0
24.76463448,43.71082713,25.35640927,0
20.88828851,40.13090742,68.43476523,0
29.96723122,64.26480469,61.1589106,0
33.08638846,84.55736695,89.64826252,0
17.47884111,84.51818761,92.55180552,1
19.71010293,98.30625811,80.03155673,1
22.15680216,56.79027387,18.36389975,0
24.70378651,57.43925288,37.19960888,0
34.59634574,30.12736463,96.46856107,0
27.43325627,88.09421556,48.38259025,0
19.73871268,75.26399108,33.39987228,0
16.59419216,83.89454831,96.19974416,1
33.61564296,62.943624,69.95192226,0
13.38871083,94.4135442,69.64425335,1
28.00664631,32.03796585,41.23645726,0
33.13487563,38.06968279,9.351259711,0
26.61663966,56.32121345,98.34955124,0
20.576361,35.95741357,8.480087965,0
14.9747735,36.15215174,66.59688181,0
19.18688306,69.68108755,5.110927894,0
27.67179524,45.12854137,1.432294741,0
26.2383556,73.85746474,0.993838523,0
33.19940416,95.05798755,94.24344948,0
31.67152284,87.67175468,46.21620121,0
30.40376881,47.39012713,60.20297225,0
32.78627188,36.27640483,14.13207372,0
16.90842882,96.51347278,48.77328697,0
19.2380885,99.6147152,51.88033839,1
19.49734759,56.21464296,15.2643443,0
24.01126472,62.24740828,45.80266918,0
26.70545574,40.17335629,88.65180973,0
17.16791708,79.71265549,57.5197886,1
10.48656168,59.52835248,18.59533476,0
19.98055959,86.21106017,95.53213957,1
17.71319899,70.4107698,89.28473437,1
33.55461798,32.99486664,92.70067847,0
32.20662601,53.44681784,78.09171396,0
31.50776696,86.60173195,56.13596614,0
26.32499402,78.1679717,77.57678959,0
18.60722912,74.27723632,61.94136325,1
23.72123168,77.07532496,0.569445555,0
30.38062602,72.35258129,11.62821255,0
12.46525922,74.87870286,10.95456454,0
30.02687201,73.42947732,55.38631815,0
11.02949478,67.33995577,69.57350282,0
30.41052578,83.04229878,93.93525528,0
30.1890951,55.86447945,90.12276239,0
11.27518272,63.2666837,59.78344287,0
25.67901779,58.10146898,57.12136034,0
22.56132686,44.64473438,6.831468751,0
14.24548758,52.53222737,77.12115592,0
13.70947344,33.85105543,26.59589891,0
29.33147815,52.78693437,91.79163585,0
24.19231872,57.34081651,22.12055632,0
34.57497837,36.53688684,69.63224087,0
34.55619443,45.43185908,11.22935362,0
34.81667484,47.46792232,49.38824657,0
12.96538796,45.92291457,14.89808968,0
33.45640342,54.51551911,84.26854306,0
16.11424023,40.14132735,61.40071031,0
21.45530649,81.20509498,97.72403349,1
28.9351639,53.98583987,14.10245276,0
15.0905233,38.56556638,85.61011008,0
24.15779014,71.55198469,73.43101497,1
14.64541871,42.57537226,38.72128541,0
12.61840267,34.06394245,1.790221819,0
12.91396531,41.43044994,73.5968471,0
18.94097587,59.39963684,9.814793419,0
10.11637092,78.54562803,80.8943374,1
20.62134803,74.90506193,79.84940339,1
26.60492763,30.36441856,21.57272035,0
20.04220463,85.53034568,96.59086402,1
12.14486501,53.49814449,79.29019188,0
11.56722155,77.58009837,60.45899678,1
16.95291282,32.28712202,73.49513396,0
14.23281726,57.56517704,46.83137246,0
34.12737433,31.37273509,9.284703511,0
13.78075562,87.14418746,63.69302538,1
30.13656094,43.08770264,41.62285315,0
24.65269854,77.21835353,97.88579058,1
24.232173,49.39463139,6.334502513,0
22.8020179,39.474578,16.05119794,0
34.2940769,95.12067373,90.03496932,0
19.09611938,71.65172311,48.69925686,0
29.69789377,92.34417331,19.31354509,0
23.88235269,51.46195812,31.26668642,0
19.89084169,88.08847336,7.629994632,0
33.88664833,95.91776334,63.39111208,0
24.95789923,57.66286788,92.00805449,0
12.97292355,93.28917358,57.01980247,1
20.43848002,53.45600199,64.198186,0
29.53954319,52.72199994,29.28043687,0
27.34367558,99.70128705,70.84189995,0
32.90850825,96.66873137,91.51695232,0
16.4844346,46.00328422,4.637189465,0
28.95484291,88.60414189,21.72808399,0
21.49688018,53.97205143,93.66288748,0
24.34024367,98.54703618,80.4973194,1
33.87616703,89.48723401,7.025724914,0
34.482158,93.34435109,23.29320323,0
31.5397741,70.1571458,36.51939758,0
18.97742719,50.59059466,31.9290831,0
32.19252089,43.82675045,5.126781889,0
25.96522944,66.95103444,17.07166479,0
20.74991951,77.00610077,28.23699004,0
10.89356706,81.92520446,15.31336484,0
29.2532031,41.92682488,82.74517024,0
22.55263952,67.51215948,52.04124311,0
29.65471249,60.52768741,22.14473228,0
28.70056998,44.57569477,84.77247108,0
29.8391842,68.70736222,76.06666604,0
17.51627897,49.31396053,38.62773692,0
30.01996498,67.453819,84.12092043,0
23.72115821,44.00765414,63.74485717,0
21.83315501,92.99597758,62.34594183,1
26.87814785,53.66719774,10.39181255,0
10.53396707,72.72342219,40.82047705,0
12.5579204,38.53530912,7.141436966,0
17.30443413,74.10120348,40.09127323,0
34.57475275,49.04282375,5.944802089,0
13.49364447,96.95721133,19.28768962,0
18.26490752,57.59079862,45.63810125,0
11.27632662,72.51845897,61.80821184,1
18.28172201,45.1069356,18.09676264,0
18.00815716,90.3033342,8.239353083,0
33.67017927,86.30330427,87.37206661,0
31.12885217,47.19447186,8.345433419,0
19.56910548,93.77339556,56.8720399,1
10.61922645,32.81085154,79.12524072,0
30.77577785,82.68011844,16.75406492,0
26.51340443,62.05081497,64.63167498,0
13.80911209,88.48215761,73.06220043,1
34.90178178,62.58401772,70.71913263,0
12.50583594,34.5907467,5.170972474,0
31.67786354,45.85818726,64.15886655,0
17.3566541,99.60623843,15.71161322,0
20.88383666,53.39243219,30.19662563,0
29.88641317,41.22136519,92.88137116,0
26.9377089,86.40815781,5.223154429,0
33.44660936,33.15488792,86.17286534,0
25.52850814,34.6486126,55.12275561,0
12.44525404,50.82631456,3.132319197,0
32.10900908,33.31806822,75.39965309,0
29.22888812,99.69988787,85.75020734,0
27.79676127,78.37902203,45.75515688,0
11.34333868,66.37105086,79.18391921,0
19.90556862,86.3616473,91.04708302,1
14.18589549,76.37407604,56.8229708,1
30.54759771,42.12854676,91.66911122,0
27.51321557,45.37436598,41.69749627,0
32.07693993,90.7386,81.1865146,0
34.16437767,53.58729287,78.06659994,0
29.36869035,61.33482398,71.89298724,0
34.85582708,57.37949985,41.1446044,0
25.36924715,33.64208684,46.82269113,0
10.9282401,79.32016021,20.93943214,0
10.35628788,67.80518566,27.80863408,0
18.55259688,77.32980573,68.22601545,1
30.58679298,49.47619728,32.54387271,0
31.65336766,58.48397358,72.42963054,0
34.02031322,43.48548336,62.44104505,0
11.62803671,59.3777842,35.6463613,0
11.11427777,75.74439883,16.76182962,0
32.83208991,96.12823302,31.97530856,0
17.62616746,76.44200399,36.52297581,0
23.94968502,66.7611811,64.57821808,0
34.56112208,59.14570557,6.182213086,0
20.01121337,37.3884779,86.61150078,0
26.64678496,63.39520079,62.53002048,0
20.02198909,40.85756652,5.317757985,0
29.20486661,70.75310282,25.14558621,0
23.19286814,81.11729543,15.06062894,0
15.93807845,96.25469282,58.18405664,1
16.78265253,50.77970074,56.90164765,0
16.45148031,57.78338771,36.42069713,0
23.30800821,42.80663577,75.97769587,0
27.5797254,91.45583569,6.17721621,0
33.7319975,87.68540571,82.7369777,0
27.35218438,84.24719263,88.85281244,0
29.5298211,34.0103027,18.58760652,0
14.2231529,68.97036094,94.04443432,0
19.35156563,46.45094934,73.23651682,0
20.3445055,38.37796377,89.34457881,0
27.15950575,84.71291701,79.14818548,0
17.39729941,44.81069626,6.791203905,0
17.58229804,65.05681888,24.68934741,0
18.89722887,66.82674439,85.08865942,0
30.25755204,44.92974028,4.808632478,0
24.43975225,64.45828164,70.92088775,0
11.881932,33.69739283,68.13454472,0
11.95615249,30.00507147,44.40115694,0
19.28217361,91.62253522,57.48254449,1
29.16477627,59.09120915,26.05340545,0
27.21708566,93.51938593,59.06591112,0
27.69955887,64.74151518,68.8082112,0
29.18025165,60.17758062,38.56201296,0
17.17881782,50.71384985,14.80293462,0
23.70640705,35.71822563,94.49543687,0
23.58381601,51.67862545,98.95038041,0
28.49081253,72.59291856,6.991916699,0
33.92176423,83.39504431,5.565250954,0
16.94974862,67.85778624,36.26774934,0
29.83204182,83.07790906,93.94692397,0
26.49926371,41.04261142,37.99676475,0
24.50594677,70.82679522,22.88128467,0
29.37199448,91.78222589,97.62189592,0
33.60081166,45.25721453,23.35555781,0
10.91728545,45.93682569,68.46808513,0
13.68500256,82.39027591,11.17095374,0
28.90718079,86.84397494,63.21409692,0
12.09478382,47.36324308,14.49523762,0
22.90309252,53.20988629,27.87059535,0
15.49651942,74.22385803,43.64992924,0
16.8573926,57.89021992,76.50168692,0
27.54601207,73.68076791,55.51584261,0
10.75481933,64.75010225,18.00756669,0
31.8329857,84.15559164,75.48978409,0
21.11197388,89.21220528,63.77241128,1
22.55983235,90.46790465,1.922625635,0
23.50119909,72.80675544,6.559892272,0
26.13860736,72.88088732,9.2116994,0
18.62141467,61.47528292,24.95063048,0
12.52768726,31.93298315,27.6719829,0
17.95947342,50.94261536,67.74882009,0
14.20355295,34.4588403,65.03286467,0
23.90332949,60.64496742,87.20031787,0
17.95071577,89.46396743,81.53145154,1
33.95167945,71.77614124,78.85508925,0
34.14335695,77.28728188,58.89065308,0
25.50314701,43.16055802,10.66326683,0
25.43743169,48.33672048,68.77485403,0
34.63446411,41.41925071,30.23214955,0
32.18207878,88.98821336,78.33947504,0
29.12674873,49.62191091,36.66867838,0
17.83976529,69.36284168,13.44060349,0
19.1384757,39.87900291,60.53084106,0
15.03166914,38.67922358,88.28054173,0
22.17870317,54.33083543,17.58581175,0
34.75921305,53.12472106,29.44259165,0
32.80377383,53.01972637,26.44339829,0
12.95873585,72.06529509,78.22771644,1
10.62975723,52.11931092,15.21793146,0
32.46594171,83.81151083,44.03896417,0
23.4292532,36.34695378,37.66028316,0
15.00474721,52.73501004,76.93308951,0
26.84133174,76.843519,43.94125076,0
26.10557945,72.20524773,24.89054095,0
13.05214017,38.36609329,8.061643824,0
16.49000584,60.76314452,48.58194004,0
11.50194911,51.6455024,24.90169007,0
15.24651185,74.23093026,68.55068059,1
13.30764187,39.09091957,24.00831352,0
14.83090731,76.93961461,53.69912105,1
27.13667865,62.46827719,63.65696495,0
11.23749361,49.24229915,90.06777412,0
12.54636538,82.32107956,90.53849091,1
13.35434095,43.15368987,66.84984766,0
17.91352802,40.6566557,21.34259636,0
17.46875777,31.07491556,6.022496117,0
16.37659463,90.29102494,75.22174497,1
28.76341634,64.46558785,35.99797702,0
34.95056969,66.17009265,12.06774354,0
23.34944809,38.03338317,83.52319055,0
33.60506795,37.54432952,53.70650331,0
19.9152528,53.36483834,94.90123043,0
12.66706117,66.13614508,57.88743726,0
20.21934574,79.06105533,95.12802779,1
17.40319434,64.94892496,54.8530774,0
22.33517406,88.20909017,17.19880074,0
26.42609192,56.41746322,96.39699431,0
21.52625548,31.96615944,8.980043677,0
33.3790128,59.83065925,18.26541734,0
32.11912056,35.95018405,99.59028845,0
27.54943988,52.54380992,77.85968232,0
22.24212281,98.96082782,84.08268169,1
13.29218205,90.014798,47.14858809,0
19.92534167,46.55189992,37.86796506,0
27.61003849,56.31737019,27.15172049,0
17.12213801,60.18155917,5.383401391,0
12.59970194,83.47078644,4.73173756,0
32.69746144,32.34199895,32.79880863,0
27.72627025,32.7035939,22.38770904,0
25.38191067,38.19825073,66.67890039,0
29.81247264,73.98274878,16.96209023,0
30.89115094,59.01826321,90.90506076,0
22.08647495,89.42479401,96.77265435,1
32.02970629,49.88405232,47.48922247,0
32.91047527,64.24764209,5.11162479,0
16.78877739,79.47500051,17.06344314,0
25.18863399,68.1640838,26.71750645,0
23.16460072,52.17599844,87.59779881,0
23.44864448,40.6779938,88.82689614,0
33.44157735,67.8422393,96.62970931,0
17.62971757,39.95095516,26.26456516,0
34.58584946,95.75131218,17.58215997,0
32.55328037,67.79234274,52.4827819,0
21.46807222,42.24407134,34.43585467,0
30.43633159,80.44497828,39.81313681,0
29.22617486,37.2483036,45.23909544,0
26.94737424,84.0151353,6.090085137,0
17.99584723,62.01023778,32.45996628,0
14.9112748,39.28633689,74.32129406,0
26.78819242,32.60477254,47.86581239,0
31.07433241,99.53645956,76.54908105,0
10.40631972,49.20578031,67.23394293,0
26.07008438,96.65740355,94.11588279,0
21.07182562,65.12854357,69.03503226,0
32.45219388,65.21107687,55.95493036,0
18.03682327,36.37488029,15.71714764,0
21.85462031,96.54940732,92.11057017,1
22.8691776,81.30271052,99.67201461,1
13.51098803,66.31094867,84.24777109,0
27.82230757,38.41799974,9.347907001,0
30.76190863,42.29735986,11.14224067,0
11.44773192,60.25166236,36.49154523,0
17.28472051,55.35811745,69.60233143,0
10.95111704,69.06966048,82.6904472,0
33.91360262,35.34407823,18.08152362,0
26.67922052,32.82422135,62.52403778,0
34.10501049,65.77721607,15.95664826,0
23.28735696,31.99509667,11.21040466,0
30.0517131,34.16863678,47.09722815,0
19.3603496,56.34390207,86.10438893,0
18.84547581,34.32453488,62.77056636,0
19.45669543,56.98287386,68.15436504,0
26.44655334,46.92253611,39.31661504,0
18.98632878,43.1439208,26.68803661,0
32.50918629,58.3275882,93.20964798,0
34.58187163,38.39327339,41.14084718,0
10.76066288,54.4747557,51.34045028,0
14.84058226,60.44115406,7.222201323,0
12.80624981,88.10020629,6.915139007,0
11.05910118,95.29643277,75.80639784,1
15.69352483,51.58369041,93.20060016,0
21.16983301,50.48494348,63.66954068,0
30.92475913,69.6562792,90.00455701,0
15.54560076,39.61900985,77.39527407,0
22.34863139,54.47985293,12.88653548,0
33.24046849,33.72514654,6.665736612,0
26.68036767,56.53477006,94.20892992,0
29.95197549,37.9905942,16.16041014,0
23.77484925,69.32690383,62.91561652,0
34.51166147,74.91156141,23.57656601,0
24.71655387,99.09640757,51.55481304,1
11.13776785,43.65970636,48.75238991,0
14.94957,44.50415042,71.87292964,0
20.11934072,96.3193663,82.05372927,1
25.03192931,90.52485869,99.88548372,0
29.29827169,73.12378346,20.8527682,0
20.32715315,88.89850657,43.66634729,0
27.75145763,44.67845013,37.60083973,0
29.74673758,91.1820176,3.379431734,0
17.93150493,90.71152568,23.68270237,0
34.481756,47.36785739,54.64487712,0
26.24141238,65.586132,87.69433979,0
32.02495152,95.08419847,31.37977171,0
23.89844222,77.54049973,70.14227841,1
28.54007768,76.23633737,94.00977638,0
29.26360154,69.18352204,17.93668915,0
32.70620948,48.81820953,10.85705844,0
13.75874392,98.48907601,98.65377747,1
23.9570856,61.32567519,5.002589108,0
20.70946283,51.80150676,28.10070649,0
33.07897553,81.00064968,86.93397813,0
12.62736736,72.53933693,27.54202544,0
34.56434722,53.95689157,17.55308378,0
31.8862831,51.26541136,78.18311827,0
11.84565704,45.01546796,72.57041046,0
22.27415964,35.49405057,10.77728285,0
27.93898751,73.79976346,50.17920812,0
28.45378864,65.39855467,89.34767534,0
32.66235313,46.43938875,42.40662347,0
29.99663589,33.85871679,22.21753103,0
17.77325951,31.32307478,69.43864942,0
22.46086965,81.69471508,22.79417648,0
27.54464407,43.17772324,90.79541253,0
13.46092103,48.66505336,41.88206983,0
14.84976994,30.98785356,48.77853818,0
22.0260612,40.54473384,69.45055892,0
17.45614497,91.21120023,35.95157132,0
31.56398124,46.94425843,94.20408107,0
24.65693304,96.77707389,27.29079477,0
18.71662994,41.50427869,96.57423442,0
31.22082564,47.72830211,38.82049852,0
30.12196121,90.73969779,78.03046293,0
34.95887193,59.86258371,80.9989398,0
31.18269221,48.74802574,62.10317248,0
20.36141337,78.49696339,81.18712641,1
13.18747204,33.58598828,59.07448298,0
31.01602271,92.34236236,60.23474066,0
11.49394795,88.90930817,14.06772796,0
18.75678018,36.00579246,89.04640618,0
32.99344952,85.90331226,15.40038901,0
34.01916184,97.28193093,50.53657848,0
26.01411484,64.44487334,31.83414316,0
27.21620792,69.77073451,28.85230605,0
11.06136222,77.58577182,16.96325983,0
22.86200853,48.67088603,54.77918867,0
23.67170447,75.47628813,84.4539691,1
18.50251865,63.24072501,49.69209116,0
11.71492087,58.38792632,35.98983818,0
15.72268999,93.19610917,92.71108372,1
18.94959842,85.8532177,13.38495084,0
20.87854966,95.42253397,48.03191682,0
24.77316814,88.56562774,76.14111232,1
28.05978797,32.92674208,89.79232939,0
17.94079683,72.45705738,92.77803907,1
18.223844,78.83458171,11.20046659,0
10.49229107,76.5400233,54.05448865,1
11.0218715,49.03695043,21.15255459,0
16.44554236,59.7941246,17.71686404,0
28.50612494,32.73203967,86.55977532,0
25.70784576,36.58658894,36.90736047,0
29.24472552,69.23583304,10.60636122,0
29.22298591,70.76882351,21.82541343,0
31.41418669,44.08605034,38.09095506,0
28.00798165,61.37419066,64.96511366,0
34.47527298,63.04540818,62.42267979,0
32.47063048,30.79357443,92.45007942,0
24.66792916,39.97645483,31.5293847,0
24.70394176,73.70100401,39.71102735,0
10.85667601,99.49740755,28.30756663,0
34.96316444,75.52742236,11.65972371,0
13.28939993,38.4151667,96.09691425,0
28.50867992,87.5008208,9.60452822,0
30.52537988,60.20764048,47.27738073,0
19.32636323,35.85901465,57.00101217,0
14.92130137,71.98772083,70.0207264,1
12.46899717,45.96322687,27.20708326,0
28.71515015,59.17472232,51.6069778,0
21.31633823,52.28059749,38.76495901,0
27.84294398,74.99977633,9.695807609,0
32.88519122,60.1724271,12.0507504,0
13.6645934,37.27874653,40.36816063,0
32.97927502,45.09728963,0.352407578,0
20.29066149,65.03116915,2.497032869,0
17.63167525,85.24289589,5.326454153,0
33.57655652,30.68202857,76.54020628,0
34.76629232,72.86990988,88.9397729,0
14.97230544,38.11172311,90.42670974,0
26.42095867,72.28345966,0.812304709,0
12.66238284,88.57653448,65.41857888,1
26.2728501,45.99380765,28.64251589,0
30.68283069,64.68603267,6.987947985,0
27.11246366,84.18370481,10.37564559,0
20.43332855,42.29042355,6.673307135,0
19.57665899,40.67927999,55.02675826,0
19.82806038,93.3532108,30.68756641,0
24.74279545,78.6252656,16.62771599,0
32.03918175,81.56013541,14.54761419,0
33.22665393,89.07780393,83.94109333,0
11.33824051,67.75980466,2.255074669,0
14.54055987,64.18838494,49.52573505,0
12.8056079,68.93801461,7.274137973,0
14.83336602,80.19125783,14.59527948,0
18.66519527,57.36561136,46.52939637,0
22.66329207,36.66177727,20.68979161,0
25.73653068,39.49178192,63.66946515,0
28.30355548,98.17320706,37.89830413,0
32.25278853,33.62023636,78.44797387,0
34.72721093,79.81335362,65.78946324,0
26.57141196,96.05770699,97.79149112,0
31.13411297,39.04816831,35.7036398,0
29.45097117,80.55850645,44.61536417,0
17.68830098,51.17196186,66.81983621,0
31.89230676,46.58755128,42.20816967,0
11.06907845,89.68358257,23.90568969,0
10.00918359,93.65475841,0.667722636,0
16.84331573,54.29353566,27.56058927,0
21.55243824,74.28532757,86.41966212,1
25.95907238,42.3156344,58.95391094,0
12.54425666,85.28316055,0.465019014,0
26.82525335,91.68679215,78.79273177,0
30.04539668,52.30706465,1.561165485,0
14.63282299,75.7076889,95.31696438,1
20.37813137,91.34923885,51.38097699,1
22.99962475,31.07624344,90.80919476,0
21.29517545,89.90146835,88.59257404,1
29.99574827,70.04800409,88.52667084,0
34.01305995,58.98107693,37.58022187,0
29.9738291,66.58310928,18.58782854,0
11.94982045,87.68434056,35.11910058,0
30.1233893,80.54906847,13.4276603,0
11.66490831,65.08853955,83.43923274,0
15.89925963,64.13566282,56.85903492,0
13.82742242,92.94803989,24.85823897,0
14.93797767,46.26395425,81.99825697,0
23.20787818,36.69911871,46.08855367,0
26.79224644,77.50466831,1.087947121,0
21.75803206,79.15481985,15.32967531,0
33.99239098,69.78702188,42.17562605,0
16.007308,48.37755816,7.761135911,0
29.07850576,50.71671423,64.33494928,0
31.75455446,73.19302602,19.73263611,0
24.05165277,49.10708396,59.41109395,0
21.40556255,64.97348487,0.941736775,0
24.90461117,53.24520449,14.48006684,0
20.72024425,65.73067233,32.59312601,0
23.87984706,46.05547298,8.768196182,0
20.4233488,43.86423348,98.35321958,0
20.01174276,81.37988379,23.20172715,0
27.3836617,57.00092762,89.86851336,0
12.32128033,46.27963338,68.63682436,0
14.16355182,90.0894281,95.85661108,1
31.27996179,58.11903336,91.0495619,0
29.27693367,38.11091157,87.86611201,0
17.03634318,79.56335747,57.77732367,1
19.43172332,49.59803925,96.4642414,0
33.15066267,69.56695718,18.08200827,0
30.45193063,73.65851282,45.41922472,0
25.3586575,97.38020598,78.11265044,0
15.53725447,43.37708404,48.35118476,0
11.10629928,49.89204401,99.44223916,0
20.78144617,95.25538825,73.31482498,1
26.81567848,80.28050344,20.63554444,0
30.71201226,61.45316979,81.13956442,0
31.31722514,81.43413781,88.74618486,0
10.81939753,58.93695862,53.94171629,0
16.10392585,58.7036065,99.05401893,0
18.47736471,40.9491728,53.59034688,0
14.71830527,66.54337726,77.31310281,0
30.07438446,48.38650899,32.40286364,0
29.18664408,74.35154052,23.88299512,0
22.92082601,57.9024328,78.37604758,0
34.57316195,89.76047229,19.29705579,0
13.60146353,83.99538138,28.392987,0
32.49129258,40.35532632,36.82153343,0
12.91158135,71.37643742,62.45071392,1
14.07954264,79.96184343,34.22362864,0
27.40548001,66.01086381,32.09252641,0
12.7392423,37.97630974,44.30643326,0
24.14612739,65.22731759,44.97819798,0
20.50583841,60.30292928,2.096677038,0
28.21184914,52.80281052,31.64763867,0
32.51688097,70.77749001,46.96625097,0
29.24678787,52.74106331,23.54887537,0
31.24224691,46.48896809,47.70041488,0
10.82363621,81.51308928,56.92886549,1
17.75488746,44.9359715,83.9518372,0
22.88582717,86.37017788,77.47463252,1
20.39883287,98.54127044,25.66284727,0
15.78137382,60.88671015,12.87233291,0
17.69685245,86.86746702,0.129705032,0
33.63577426,41.78574099,39.8619021,0
17.354522,85.81124515,85.53650199,1
18.84760275,97.3727011,16.13928959,0
10.09274434,66.19163759,28.67196258,0
31.12694068,47.90038629,54.32027262,0
13.87101759,41.25783878,59.38182545,0
15.10360689,94.16387805,54.72262325,1
16.38161293,52.72007771,0.253622715,0
32.11555142,64.79026116,77.0716772,0
15.16128528,60.34020858,90.03024475,0
29.93815902,60.46508643,25.27788643,0
30.20123351,83.56807823,13.32162517,0
33.17551422,95.46108235,76.84658163,0
12.88903284,74.57422741,73.00326974,1
15.43197431,96.99967557,79.30487457,1
28.5724573,43.3311268,91.8943979,0
14.90001886,69.47560936,4.424079456,0
17.15823867,77.98548898,53.70332293,1
14.1685395,80.04834307,78.90738693,1
14.31741715,82.90932158,50.12340254,1
22.03883387,53.32050711,55.21422895,0
12.74207655,91.75362057,56.66231232,1
18.04244046,39.21938937,1.038955317,0
20.66484774,49.4975,90.42885346,0
10.61370291,62.80998004,21.07876762,0
19.70832916,71.43986648,2.545809776,0
12.3530609,50.66989272,63.34389308,0
22.33946328,93.54779515,56.01739936,1
30.64345471,61.62927821,12.77592709,0
30.46055405,37.02361339,99.82946963,0
12.01121289,87.33362361,39.14949511,0
25.03069394,97.5817727,26.59941155,0
30.86465955,54.24293551,10.11969036,0
15.94931357,68.82505092,53.45372807,0
29.04816279,70.8149422,16.42756673,0
32.26910866,86.11346432,14.56754246,0
30.15310379,40.62867917,72.75081494,0
12.68252579,88.88778448,6.686067487,0
10.22649999,80.51266509,71.31517981,1
14.79310275,32.44440672,6.964525485,0
16.76193352,69.68406199,39.4313571,0
25.40457477,31.9623637,12.49385149,0
19.60682938,64.75079631,98.4658707,0
27.58517577,71.95891825,23.62456852,0
18.82687401,74.44157939,36.44622236,0
13.86063562,94.88150681,21.1331186,0
17.81724609,50.79399132,54.3884056,0
32.10810566,89.11961018,92.22684177,0
33.96330861,61.65548494,48.26585417,0
15.18781835,76.68579017,74.2133171,1
29.71170968,86.5560396,35.48886016,0
16.83371841,80.68288161,28.23892516,0
32.17828859,85.68504122,9.859926509,0
14.13864032,74.5248655,96.98988339,1
26.64899797,86.05464262,37.85122023,0
12.10528162,93.63094337,87.36130075,1
34.3473331,93.30931891,61.9696442,0
27.51583362,52.95217537,67.82125115,0
31.04539349,98.03809791,45.72666685,0
24.16673348,34.03668974,32.7245657,0
21.9200341,73.14818854,47.36900395,0
25.54705978,64.66571904,76.63802113,0
23.21853779,46.13332491,91.2094427,0
21.73460888,67.4603634,49.52912001,0
28.98625629,34.61682618,53.08626974,0
14.45502387,68.75999103,73.24581568,0
14.2793012,89.81258093,95.93463957,1
20.79606627,39.86806888,65.78224634,0
18.0186979,52.77465307,85.00482862,0
11.85311295,74.17862897,40.41181114,0
31.11176231,55.15108951,17.94867559,0
29.29007017,59.0502119,70.47147125,0
23.5980375,53.69156287,24.50642181,0
34.48311343,63.78689269,88.58342793,0
11.81500166,56.12371676,7.872360668,0
29.16673253,40.09738263,47.59333573,0
16.65925979,43.91689573,43.63882905,0
19.214973,35.5472613,86.23541775,0
15.48198463,62.73599474,96.87863178,0
29.72594729,89.17827542,95.36262377,0
13.60600255,36.33857584,5.492979487,0
31.00041744,76.11078483,99.07661964,0
26.53944121,59.41562123,66.79666938,0
11.47558113,90.99667151,25.22862287,0
30.27454329,55.43194821,37.7043937,0
25.6938929,78.61103721,88.86976516,0
32.62455799,57.93785586,91.60526585,0
28.71805766,67.93639087,12.18894909,0
24.02802319,84.2461949,14.33154588,0
30.91367952,97.74999584,4.419551195,0
16.95125596,39.44212133,39.38464547,0
23.67375155,67.03679426,34.51355894,0
17.3404205,39.25880497,67.27148113,0
34.20510978,32.13526041,16.16450488,0
15.65490752,82.35654342,79.69778796,1
10.39345599,98.82899232,58.01479562,1
18.14637105,71.67822982,11.10083728,0
22.56273492,35.07028515,89.68525733,0
10.70907336,34.32095852,84.94267324,0
23.9812075,52.01831546,75.40991377,0
31.85706937,56.66188423,47.97413756,0
27.61830486,30.2706539,61.03793336,0
25.57420807,88.98780322,19.77749806,0
33.89904377,62.80058365,75.97988897,0
33.95698335,99.69953775,69.39448712,0
30.60666174,91.89028546,79.89117044,0
25.19354618,65.05434155,93.78961644,0
22.19411399,73.89406894,88.88679578,1
10.33290283,52.01863995,89.54042167,0
25.15654766,51.23492731,42.99915855,0
34.72720188,39.11434735,78.85984056,0
30.45252625,68.17801514,96.95786738,0
18.5151161,35.71698856,26.60792704,0
13.80117563,61.28017615,76.52020695,0
29.60146536,52.52070939,24.31181227,0
28.59844552,85.33733348,28.53156,0
34.1761698,56.70119296,42.7682594,0
31.87105905,93.10467113,44.21600462,0
23.89156563,43.26713011,70.08001318,0
12.53210617,95.13826019,10.4740231,0
22.08751646,71.53006512,84.162554,1
17.84237635,38.41691216,13.61273032,0
22.81021205,65.15051193,2.557655975,0
17.54253937,48.75427312,40.31957165,0
31.5455748,82.43255479,77.50602625,0
31.10817535,75.59166072,34.84236681,0
17.88662893,34.39155579,85.02881316,0
24.98953366,59.22823539,66.33700348,0
20.75452144,92.09953422,70.88992141,1
32.72731893,58.54788949,51.69184411,0
14.68402254,82.05413932,58.93905798,1
27.44321004,37.93677999,16.37955946,0
34.2593832,90.68416388,88.74988942,0
14.38188799,65.17022344,42.57593923,0
15.04916071,96.33005178,43.88942425,0
27.34308347,67.61248203,67.84721861,0
29.47884811,83.84579787,88.83938625,0
22.26372637,98.04797271,74.40448071,1
25.24216163,81.0542907,44.13477849,0
15.31706022,70.40913355,46.23776122,0
21.91535571,55.66956977,27.8355643,0
12.80179702,32.97675613,5.839198281,0
18.03554813,60.27819964,93.96846091,0
17.11949263,58.87363206,9.962278083,0
21.115634,87.61435803,27.05258386,0
33.25315906,43.24768943,94.74484883,0
14.53169155,81.98513964,57.7775003,1
20.03470617,32.6294529,85.30698062,0
25.38993048,92.04557297,69.51248505,0
33.66392715,76.75598173,4.640349003,0
13.32870479,59.57106511,14.98208494,0
32.94691542,48.58554055,11.75379625,0
12.02634472,42.90807281,48.12834394,0
22.01853493,70.9951595,81.6409626,1
21.36474668,58.71670725,71.81843709,0
15.24006822,82.01160248,20.713915,0
18.6864917,93.4742186,41.68063779,0
21.35413171,50.69560822,69.82985901,0
31.63028657,75.493025,89.43867029,0
33.87660363,59.59055347,91.61242217,0
22.97314197,32.99172951,50.46331628,0
31.75249476,73.08028711,41.62012861,0
25.20428964,55.45917961,65.1726395,0
18.72718355,30.96082317,66.25524212,0
14.85485519,63.05959867,97.32820152,0
20.32836929,36.41682306,49.80547701,0
23.07060707,73.97187604,53.76142964,1
11.11108471,66.85474558,45.91808731,0
13.64602915,65.02441202,71.7069951,0
25.0046106,95.58154459,33.52364232,0
15.62503987,91.62991651,3.566226094,0
30.9331594,79.97537766,55.61558376,0
18.17355624,70.42784975,28.12881827,0
12.62085518,47.66585196,74.80036204,0
12.08826471,30.57139372,17.17642762,0
33.42807551,38.37443182,84.51048613,0
12.95050778,52.4205961,76.09097284,0
13.5227441,43.77094921,37.6594746,0
31.56665145,69.90026757,17.22492974,0
16.35720326,67.44648722,85.51797148,0
26.64878527,57.28540115,34.16962803,0
30.41814218,86.03811679,10.41507819,0
25.179516,81.18100021,50.81069585,0
33.93721359,78.15180061,4.031971283,0
27.72207248,65.18726732,16.07968219,0
12.81878775,33.04116606,13.24063464,0
23.96025066,59.96194104,49.89599042,0
27.95466315,64.94272842,32.82364056,0
30.04893101,61.34933174,72.46758006,0
10.65803338,30.31322387,10.81772474,0
27.97197288,75.67002011,30.56619419,0
30.64202053,48.01749427,29.86978452,0
28.67084527,33.12611771,74.7289349,0
22.80872864,65.24280266,87.97745721,0
21.45052408,94.43831679,49.27147538,0
23.73546458,32.06081984,56.16771527,0
27.61609247,30.96191152,79.68975693,0
33.07285727,71.14236608,87.12095486,0
25.42588027,68.00903661,76.3730002,0
32.19585766,31.0994444,25.89966474,0
27.53142119,37.21481255,7.296841221,0
11.70840944,88.54762496,21.09193465,0
22.52070475,61.68469125,61.95663622,0
17.16215871,38.70710866,54.88869663,0
17.1293732,40.91443389,50.78247549,0
18.89818878,72.79959152,7.318179575,0
17.8683193,53.00661963,41.0869516,0
24.4652495,31.79936624,2.618923088,0
27.09003751,74.52129474,65.33901984,0
16.71873468,32.26470482,24.58703103,0
13.24406556,37.71959639,70.70497102,0
11.47021802,41.11377739,53.22478029,0
24.39382113,40.0294538,5.417399114,0
14.65325416,83.30940624,13.92137819,0
10.23119986,36.54118191,91.17775052,0
33.19382698,40.40491139,87.57848894,0
23.42851048,61.29108983,81.57541439,0
12.31120451,39.80585836,57.1152702,0
31.0730278,82.28552193,36.01892932,0
34.58006846,64.14220955,95.87639457,0
21.21501655,91.57503774,90.94408004,1
11.06224021,32.66811127,1.702731802,0
12.93864852,89.86388718,12.10661176,0
19.54134367,40.76676681,54.30492414,0
32.13806594,94.79443151,69.05252813,0
13.70096698,52.82287766,46.48385628,0
30.59975235,65.75481267,18.20668005,0
10.37440651,31.65858535,42.02805567,0
21.43471747,81.03972373,20.53617584,0
26.10992852,44.96398998,80.42008177,0
11.50948705,94.16317198,54.22228349,1
25.36906877,76.3250932,40.88525387,0
33.61010304,49.85334019,14.16661472,0
14.006498,48.26360125,51.44381149,0
28.24028458,41.93354493,56.6390344,0
25.22734745,86.13093524,65.31047403,0
14.62790972,60.69337243,70.55550198,0
10.15508537,49.3861928,4.182775699,0
10.23211126,96.69736585,37.77971873,0
23.30231023,86.15685826,37.20376725,0
33.56948524,71.04121074,17.04916668,0
26.10746569,86.1714059,32.22179241,0
27.85749616,38.40887208,4.413780819,0
22.34663717,77.05146436,46.21432363,0
24.54722357,52.69061025,51.38191724,0
13.15918813,78.1256281,48.92029663,0
31.92051551,97.31599906,14.19840832,0
29.01981572,84.62517135,10.58650157,0
34.95497382,69.58911861,75.91643704,0
17.44307369,82.18732458,74.88755394,1
15.67544429,62.78321668,29.69643696,0
13.12904145,49.59616251,68.00279541,0
34.10524392,32.8443828,94.15149862,0
29.52212962,77.40421317,83.90239024,0
14.15811534,39.98140042,29.54185678,0
23.81716178,62.15435726,13.32304307,0
20.3442052,76.672818,5.122786489,0
13.7871502,92.39058042,50.37283328,1
14.05182463,72.65545461,45.75363081,0
34.08674987,45.24072756,75.11383512,0
17.62410457,63.18389591,76.83539358,0
33.53598229,76.73340482,6.997875107,0
11.89026683,43.67222657,97.14316517,0
21.52007606,81.25202569,25.79141535,0
13.24047621,83.46769661,37.41023249,0
10.11968463,66.57705505,57.62870316,0
23.84415184,90.11608676,3.828261948,0
12.84735262,45.73178867,71.28841963,0
28.05061327,67.64162455,19.21998507,0
27.45290939,92.59149286,91.69990681,0
14.40832269,79.29060576,24.67383875,0
33.54355358,86.48120195,41.33076724,0
28.02608521,45.54651156,22.43251235,0
17.4492566,70.09464069,64.60990709,1
27.7308441,52.68299008,37.73027041,0
28.29825694,76.12415032,23.91751455,0
18.55565828,66.58267528,84.39213436,0
19.38971406,73.78421635,70.29451132,1
18.97766269,73.2369017,47.16486752,0
25.41546109,81.55050745,28.59353949,0
32.51025366,85.92176007,87.22931018,0
14.32983091,34.33144379,41.93838152,0
31.87999025,96.38637948,46.53967325,0
10.69132891,58.45114387,19.19930176,0
26.5084649,41.90679085,83.39204286,0
20.36097183,94.53860831,54.99050734,1
29.78203881,84.87939908,65.68977456,0
28.02995282,59.42476666,41.88172298,0
22.00269518,71.99401601,1.937738338,0
26.09660092,45.8338083,30.05118175,0
22.54432827,58.91912294,2.067216277,0
30.28796177,58.06579756,2.992853784,0
21.90209965,82.78283076,98.51284328,1
23.07889975,60.22060968,9.474670808,0
16.26301466,82.8409902,45.09968886,0
25.12607542,85.30555998,83.87194911,0
17.57262022,56.99339031,42.15503878,0
24.43210036,60.8044332,24.87523002,0
14.24195289,66.45011957,41.40015806,0
13.98672731,30.24574872,82.38888669,0
20.42574353,43.65385001,4.489142322,0
20.67048788,89.2996003,48.87778271,0
16.70273162,83.26582118,19.35059698,0
13.28992126,35.40061063,6.026932943,0
10.98026348,74.44283656,78.55544776,1
10.63079568,31.45147472,1.448251667,0
16.78875725,67.39425684,41.49579466,0
21.54633605,41.30371397,54.55027775,0
28.15608203,89.74166429,17.28837327,0
21.87179252,73.03706554,89.94566544,1
32.60127049,34.47875835,40.86805774,0
10.88049511,74.88777024,18.21037975,0
14.51651554,92.45387478,61.11795744,1
18.46286232,81.35944816,63.94486915,1
24.4374047,38.06416154,38.86714264,0
31.31840395,76.55652849,3.146836324,0
18.7550488,72.74918763,66.16459697,1
16.69971706,74.19463048,23.77666308,0
11.54722922,85.66134915,14.99255912,0
30.53258694,51.30933975,82.09371403,0
19.49166108,54.88279691,50.42414088,0
24.28875489,44.12712962,44.79297563,0
34.58888545,62.00232582,75.48422375,0
10.03986427,58.68903532,47.06892106,0
13.63625352,35.88712903,61.18398499,0
29.47777485,46.98245601,40.62405921,0
30.12818713,38.39493081,88.75222752,0
29.23117798,68.81558781,56.55656392,0
23.42497228,43.10865684,90.25110526,0
34.47142453,52.79215394,89.88295696,0
19.904614,87.19373351,75.85707313,1
25.04859245,70.02944542,54.80512879,0
11.58422511,66.37083046,65.42195949,0
20.24643625,96.1053921,22.20848565,0
28.06250219,60.61459735,91.91273578,0
15.96847102,91.85487592,85.97359212,1
33.59568973,70.44978036,78.7143287,0
27.16958419,58.37348371,2.548102292,0
17.18938457,54.2250452,19.45271516,0
29.22497307,93.23645882,91.66974149,0
12.0791193,69.56717504,80.90539283,0
34.36936056,47.61994951,84.61596224,0
11.23213148,66.36282027,40.45695005,0
33.33639728,47.48396255,25.63747304,0
16.32134694,46.84682277,89.06978164,0
28.94560269,39.03989463,37.29553238,0
10.00184249,78.25164776,29.88705781,0
16.35600223,84.67305254,30.08623132,0
28.72751517,52.65283811,88.24323885,0
23.30840177,58.65076556,17.69300536,0
12.87380374,85.51476642,83.29573395,1
19.84074365,31.14122396,47.75677329,0
19.38873388,53.29816685,26.11437435,0
24.2040561,51.53160689,58.42312372,0
26.69942681,68.04161866,27.89914861,0
31.02075606,92.64084678,51.48886783,0
22.43078492,32.83617153,61.36758222,0
19.80054293,88.99399487,58.30238258,1
13.59941335,68.99894641,81.62372691,0
30.12057412,71.13668486,61.87668021,0
27.83426014,96.98759457,22.06395026,0
20.21693494,38.97981745,29.48931318,0
22.96080775,49.36504955,40.21777318,0
26.62957111,46.10362668,76.94873365,0
14.12013975,62.81879705,90.41824443,0
10.67994486,70.5880902,2.45323555,0
17.93759248,80.95040822,99.34181481,1
24.88962549,33.71274445,49.14620241,0
22.16515228,59.82905941,13.17440181,0
27.31386567,94.69920342,56.54416889,0
30.49224514,62.38149419,45.85333473,0
22.21106167,87.23359034,4.932154356,0
13.35667559,37.83858647,57.7624292,0
31.26569999,50.27771674,93.15711631,0
24.37475818,81.47778224,47.2630618,0
28.49843702,73.4947966,22.92026737,0
27.61661634,61.02068638,67.094047,0
34.20529428,76.82398002,26.76254883,0
17.38268306,83.96778123,91.51910455,1
27.63266932,92.82560965,47.70456085,0
19.14190833,60.82485786,78.4554488,0
19.88526802,74.98267891,4.913755477,0
15.76486592,56.70221961,73.24888605,0
18.60025439,94.89349054,14.7976119,0
33.70741879,63.6478585,21.77178732,0
17.31427117,58.73660935,86.13083901,0
16.14976515,95.76298804,12.39251436,0
24.57844946,30.13728973,29.47107214,0
16.45089892,53.23797634,36.99072334,0
21.83464314,88.67438987,91.0010568,1
30.85440641,61.60138445,14.28896386,0
15.76000786,54.38704697,61.69349704,0
20.6672853,71.14714899,20.29077638,0
25.26224338,58.32730719,28.88089466,0
23.64072311,53.06525312,44.50600374,0
34.36808094,48.61813135,54.72265774,0
27.00925636,51.91318305,17.53736368,0
28.49865605,94.69134206,59.55219571,0
34.1738987,97.1771052,60.72443852,0
20.36095063,36.91814177,40.85352754,0
18.88449538,81.4789718,20.07201402,0
11.09656074,76.04338813,33.39272764,0
14.60510766,74.16780658,9.803659166,0
15.9297408,32.2990342,74.48377539,0
14.58761168,49.14177409,1.461730001,0
28.86959733,82.22720091,33.17908348,0
23.39707453,64.70647803,92.43405122,0
26.69084504,31.67218416,18.75193167,0
30.51155402,66.85608884,52.35155439,0
15.76934853,89.34634166,14.92449896,0
18.1480985,91.48941777,94.97684048,1
27.70900668,92.90381684,82.05794723,0
19.81897365,66.91326694,31.26254749,0
10.7317735,62.68773128,75.19458576,0
20.87388048,47.10412398,56.73522449,0
32.70682716,90.62543006,22.16522796,0
20.22553779,85.99000227,13.43871456,0
18.30622291,90.45024049,24.9244751,0
34.73812707,45.8161476,62.89905944,0
26.11038911,36.85320525,95.47749574,0
19.14995066,78.89115478,77.68752956,1
12.55048828,93.92058239,90.34608705,1
29.69623612,94.16037359,19.40784573,0
27.70187334,67.00420298,91.45893784,0
33.04789498,74.94736533,8.468197901,0
15.43189075,37.8456835,94.41868811,0
12.87310875,49.27014498,14.12156541,0
28.10181316,67.64256843,36.15298958,0
15.08489605,91.65382201,34.55554269,0
14.40259594,63.88978097,32.98570206,0
17.99518338,71.48957709,73.66154636,1
30.42062854,33.88755048,83.94719842,0
23.48841513,97.5257795,57.04733792,1
11.14625888,64.46990559,54.60750486,0
21.59736687,41.21893001,26.13079465,0
27.09949028,53.72796806,90.33250757,0
23.45921096,65.93151379,56.47773396,0
24.31125545,39.69600163,41.13122512,0
15.61943321,43.76527772,55.94992743,0
31.19348329,94.11278333,10.44666974,0
24.03496794,91.07868131,11.14342954,0
27.83115033,38.56114756,92.72852916,0
34.54660543,49.52985338,21.85557386,0
20.70496644,74.49090392,27.02811452,0
32.02666532,48.18275534,55.72422378,0
10.18202535,30.14587151,48.68619691,0
10.83518232,79.08501966,55.57328345,1
24.75699804,43.51550016,36.5429135,0
17.78623489,52.74688803,40.52152658,0
16.20691418,49.87555049,16.87988735,0
16.94838393,40.66584385,49.70171181,0
17.96007337,39.49795735,42.29561183,0
28.2236924,40.14394467,94.00837459,0
24.22989931,97.72441797,12.9787231,0
29.72589931,80.87956183,61.57404304,0
30.7549145,95.80527649,96.65260483,0
31.07337148,70.00779512,9.796177403,0
20.36610373,53.17061314,72.11185289,0
20.53183491,41.47487951,86.55160358,0
33.156647,63.83494068,33.22329816,0
26.54408987,64.53789573,56.93634278,0
12.0116796,84.42288789,8.963013453,0
23.55467385,66.99076385,33.70566484,0
18.90018149,43.63952424,24.88314485,0
34.68587474,86.99334919,68.53680279,0
10.34138516,40.35412098,5.568777711,0
25.30452183,67.02398076,48.32289969,0
28.09057736,32.97284384,55.38458407,0
17.22266928,55.84266609,93.12546297,0
34.34103796,77.03112199,92.11221899,0
31.48841568,39.70959557,0.65930673,0
32.89132102,66.74159945,58.1031035,0
10.48080148,67.71874182,39.97882115,0
24.24680378,93.65485787,53.6256124,1
17.36625605,62.66405616,64.96000625,0
31.22571587,35.4845619,27.43767335,0
25.82124142,40.21561057,76.11507496,0
23.47192511,49.29260481,92.05195087,0
12.86470424,85.92678123,88.87860766,1
23.50557012,47.857583,75.53428401,0
25.79760366,72.66005042,52.44565841,0
33.89780773,35.48671828,48.51925302,0
24.62627526,44.15017937,74.49986369,0
34.18501504,73.33999781,77.2730116,0
34.04015289,36.86971277,1.211939899,0
26.2550084,80.08798131,3.782784522,0
22.6476996,61.43701418,47.75600968,0
21.6505436,49.5702676,86.63563995,0
32.25946403,91.17301766,21.50063549,0
10.70641707,77.12107028,14.35767642,0
12.84520495,34.49290676,93.31622515,0
12.55179323,76.91383465,89.11123405,1
28.92338313,43.88654656,26.86742754,0
18.4912756,94.41812388,84.02849904,1
25.94921362,40.76123926,75.70101357,0
25.0945726,73.16826894,99.5391042,0
19.64569924,46.96845529,16.33743704,0
23.28919306,95.95165374,89.73936226,1
26.12846334,52.71270369,5.698035389,0
33.52375825,71.27455942,67.30646465,0
24.39085182,39.06565634,66.91578049,0
25.35918779,63.5560439,91.56939494,0
11.69639544,72.61854024,22.78755239,0
33.80539537,83.94873324,17.16324047,0
23.2020482,68.99472457,51.35113983,0
30.0318355,79.25191965,95.25717421,0
11.25727658,90.13570533,27.88660195,0
20.52275339,50.89897214,79.66649547,0
16.42438648,53.81168538,31.99421524,0
16.67439747,32.07016958,25.51218314,0
29.78634325,68.7983269,68.41057068,0
25.59666813,98.00716498,77.14059941,0
20.9936328,81.52718895,1.3063354,0
10.26464349,99.48098643,58.36008579,1
34.12319857,61.80464535,53.09032198,0
34.05058133,82.32315049,38.90072991,0
15.43880526,41.28457906,78.53177302,0
11.03365931,59.54045251,35.59207293,0
23.25498408,75.05297109,54.40280939,1
33.78527037,61.52184406,42.78582247,0
32.75989614,32.08055289,44.80517,0
24.6165716,52.17898267,48.56175519,0
17.58872127,77.32474299,15.61810423,0
18.24902209,57.66356044,80.34588843,0
32.44783879,61.38834612,29.05924036,0
22.29460089,89.93254234,51.62957991,1
13.27790572,48.85735812,27.30682795,0
16.2106369,73.11521302,85.92833511,1
16.91987254,89.20393898,83.16870321,1
13.08866712,86.50054389,95.06197872,1
21.57610954,46.71065665,36.42641142,0
32.90127271,33.57628395,88.69536379,0
26.71956357,49.37794532,85.88574472,0
11.81184811,42.34823837,57.38043084,0
10.13737045,31.93975246,14.75744457,0
16.90619169,51.30531504,70.41485376,0
19.06732337,66.4567973,94.4787859,0
29.41874173,75.5223285,81.93050852,0
34.1751381,56.45266631,7.653106063,0
19.68917934,44.29980457,2.252346618,0
27.16725075,69.85142232,46.06359129,0
34.87254768,82.66564141,91.30087264,0
28.6416646,78.64661814,72.23627944,0
25.90473873,89.98891899,99.93855831,0
11.95187135,48.47069172,62.72986003,0
18.08038003,65.21068826,88.22299821,0
32.83480396,64.19061826,81.20250391,0
15.02513704,52.5107808,53.86089104,0
31.08975898,78.04946906,9.045054528,0
27.40809213,39.39639434,13.08330416,0
19.15810927,86.36043929,81.54819134,1
23.22935674,32.56334219,36.93738905,0
23.57016172,57.17258943,60.26409673,0
27.85134463,72.51242419,29.17116276,0
22.91389853,59.70548609,89.15292347,0
13.32689975,75.8984502,91.59963704,1
29.33636679,32.71604304,95.57053407,0
20.15681242,90.70123553,92.8636755,1
34.07734726,35.43599888,56.40170241,0
17.08784456,50.14224255,60.18798981,0
16.57696951,50.53582411,96.22476925,0
18.33768489,30.8269546,37.26345905,0
24.3079254,36.58167164,63.08369837,0
32.37174351,89.63187504,43.9718282,0
14.407041,84.30703934,34.47217689,0
16.99196994,81.65954356,92.94422599,1
24.54199608,78.25073422,56.96441659,1
21.35835605,35.21710588,46.51061129,0
21.18307218,50.9060204,5.41288471,0
30.51835655,30.46012944,15.54887324,0
33.09695756,34.23647145,54.07434568,0
22.03267415,32.65213171,99.46183206,0
27.18379489,43.9253803,45.94364588,0
30.02646778,33.9398483,62.51916031,0
22.95916026,31.18186491,85.16924288,0
17.35791022,47.14403121,91.83971068,0
25.95211494,85.91977465,36.61300718,0
24.62772751,33.94177033,16.35937891,0
32.53907049,98.9184464,97.13029768,0
11.31017592,76.03082655,52.74896948,1
32.75328468,90.67746164,88.57792618,0
23.3608007,76.24906703,29.8506179,0
10.3919029,84.38116179,8.866340669,0
18.61755447,51.05451983,87.84021516,0
28.1083391,48.01272892,41.6563382,0
22.2108272,76.50974844,44.05775697,0
34.50397594,69.42080474,98.35385428,0
20.56525185,65.39642804,40.88426856,0
18.16588074,42.40786719,57.36796011,0
30.54179836,46.14539662,73.72911417,0
23.69766748,68.48075786,22.51984365,0
27.05816448,58.69426289,26.96979208,0
30.14255845,97.3758606,73.88253869,0
26.78568865,68.6975649,80.71447851,0
20.56018737,60.21981648,20.05964593,0
13.1199112,96.54191973,30.87391133,0
24.50620416,36.41296956,0.872129741,0
32.43583317,49.0247394,38.48327125,0
20.47231066,54.2476105,90.11149257,0
32.76813087,89.74518325,40.1340466,0
22.58819549,83.64883888,75.90149199,1
25.52103906,51.32999224,5.738704881,0
30.8247119,91.07943503,58.78947475,0
24.11492774,34.37896656,95.4043914,0
12.27423348,64.54268581,98.43840382,0
34.52448502,75.82789664,57.84038823,0
16.14623255,51.85360201,1.431894611,0
27.76263322,34.84197507,83.9895643,0
22.62783597,48.00122166,73.47151856,0
21.96931592,63.86402407,2.468118274,0
16.09852047,52.2674452,75.66618867,0
28.05376914,59.09702995,71.94983336,0
12.81970662,36.51872324,9.659279425,0
34.76133273,30.99914804,53.63772462,0
31.13433843,91.43288533,54.88759775,0
23.3627235,35.46782221,89.48549646,0
20.6138239,50.49772032,44.31222394,0
17.16161581,76.48317616,55.915756,1
22.53978677,89.11531012,55.09464413,1
31.98543655,52.48839157,51.93759366,0
16.87516002,75.64479512,85.31584821,1
22.51343647,63.04919053,94.66293196,0
15.86374755,33.57091232,91.49219886,0
18.42872784,58.58541022,19.64516436,0
14.75651272,32.08936367,86.799985,0
34.76347985,97.49332083,31.77548205,0
24.28743616,83.352866,1.281150217,0
28.3203781,53.75046307,53.31242785,0
12.45624784,46.4318301,9.427316044,0
19.15293875,58.02290181,49.93082395,0
32.31599508,52.13151201,73.97754265,0
12.11095816,55.95560862,84.57750812,0
14.13708071,94.31001006,32.28133708,0
25.63544026,58.31676005,83.88038589,0
25.56972485,81.89796438,5.713014856,0
30.95567611,40.97691146,61.56214351,0
33.3873191,67.35767535,34.95697438,0
13.54966189,64.56137744,54.87520436,0
16.48434546,71.38623627,19.19477923,0
20.68653514,77.59212429,23.1235178,0
10.02258214,90.27136093,83.6385722,1
11.74535757,46.09770727,79.7593834,0
15.66228195,56.70738775,85.43268876,0
22.0275491,34.00279516,47.83879695,0
16.28806845,73.69268959,66.21315693,1
31.91704731,95.433194,45.81916254,0
18.10682189,57.73379761,24.91241577,0
33.1155703,98.02257569,0.619771206,0
34.36968152,71.85126713,91.98067557,0
21.24653835,44.78726965,69.71034877,0
15.67822042,67.06703177,78.18317982,0
17.29165334,74.80318819,7.411354681,0
29.40834204,76.63909827,88.29104333,0
16.83374269,74.66292658,14.67345995,0
19.5145717,43.27297785,84.3041086,0
21.96439646,44.58174106,76.4720261,0
24.37777791,46.90241356,73.88182095,0
34.90251101,81.30957409,68.71976811,0
15.80524388,64.95481669,20.25017107,0
18.83559258,76.98789021,65.7790948,1
16.57227943,85.95543873,10.85903404,0
19.02783592,69.48486643,85.96174545,0
12.52011292,62.97987286,20.03707207,0
18.99524418,58.17605679,43.96053312,0
32.19662579,67.53840091,90.60444984,0
17.4647462,40.47049363,79.54273316,0
19.2983695,85.05118519,3.812224928,0
33.61185411,93.89314659,48.8506167,0
28.20947491,86.86555252,52.51461378,0
22.91846787,87.53268967,83.52832028,1
29.42981821,88.05809889,59.69652125,0
13.07949122,42.2954381,6.59244537,0
21.61225883,99.70689106,41.97308443,0
12.95590322,76.00300533,66.02003727,1
15.84045363,59.46489449,98.80344433,0
13.54668149,92.16166966,38.40843015,0
19.04503098,70.76458911,98.45932606,1
19.54098301,99.55371564,54.88608525,1
33.68271455,82.64515861,46.37540515,0
16.60314328,55.72574965,41.54340078,0
21.81072113,81.97935577,57.93394606,1
30.2844851,81.10769806,42.8536532,0
30.39043966,51.90935444,38.34755936,0
28.75857968,91.89226686,97.81689958,0
17.19584405,39.85354415,49.45083359,0
22.37429049,55.56914604,78.01886589,0
14.65528988,74.53919337,50.62983637,1
14.70998807,63.53973834,23.19315693,0
20.89603033,77.47091283,94.83680614,1
28.46480553,99.81475768,88.13069929,0
23.1646065,35.45976459,14.19333952,0
32.16708052,83.12782012,88.49823177,0
30.77271994,87.2197156,19.70139712,0
10.79013607,49.75410089,56.86133296,0
24.21047607,47.86092367,93.10152427,0
25.22903161,60.8950336,56.44931708,0
34.03937861,57.56997303,21.1628507,0
10.58091567,65.54733473,26.49539521,0
23.27759427,44.81089411,67.85707621,0
15.11953405,64.56603325,74.70396488,0
11.34157266,86.8926696,59.17522357,1
24.68721312,91.80183746,28.14257839,0
29.31510359,76.67335837,18.67708027,0
29.37163623,50.16913248,65.46466232,0
10.75721025,91.12715828,22.93312538,0
20.17366001,59.48595377,16.27789627,0
11.11274068,46.22650332,13.11412758,0
16.19596617,39.42181163,73.88445759,0
14.82201757,97.31682006,71.1911561,1
15.37956448,36.15854081,92.7474511,0
18.47796035,67.08323255,26.1712602,0
16.93545105,44.15240901,58.94545836,0
34.05699778,90.77962768,91.96162961,0
18.810178,43.61686855,22.35055155,0
32.35431288,81.55358316,45.396893,0
14.52604179,41.55811779,96.58176032,0
29.09367168,95.66785741,95.48823905,0
11.5336384,76.43274996,51.15861496,1
21.56903074,59.05846055,44.86688702,0
10.13776101,97.37377568,94.48268613,1
30.25726908,66.68356031,59.94566327,0
33.7621509,56.88516105,24.69413307,0
10.87768427,41.37328524,51.73266954,0
33.34615904,80.47625215,57.25530256,0
29.34634729,71.74330607,55.22918496,0
18.97153947,45.60249929,40.56792421,0
32.72191378,47.49732843,14.64204818,0
17.40643178,45.42674898,86.80562261,0
20.23238281,64.70893055,11.23280522,0
12.41778155,33.31025191,13.94681578,0
26.42347405,50.24732392,14.92481682,0
10.74002072,81.56367608,3.941050546,0
22.12263188,73.48609323,85.77318497,1
27.07979626,87.30173012,89.1708391,0
30.53094002,82.13774684,12.25636122,0
13.74853474,31.48941362,46.15687522,0
28.85225916,69.86983939,39.31846276,0
27.97692559,60.68917088,12.61538858,0
23.98926335,55.29100306,86.4392661,0
24.61611494,99.46671105,86.40674683,1
12.28176802,75.98743595,74.08183637,1
25.01177608,47.57490512,16.65658026,0
19.53805518,67.30062411,26.36296426,0
31.68952128,36.66623532,19.23042241,0
17.82747204,82.16912958,83.24685562,1
24.41487693,54.33562177,46.76185998,0
20.66428499,41.8218361,15.04462336,0
31.90654846,41.36950241,1.009517477,0
16.34791667,31.06602058,27.85106121,0
11.97005901,84.45161773,97.41305595,1
28.71639302,81.0089913,3.16908655,0
20.32241542,63.95181247,91.1451527,0
24.72745898,51.41753291,5.794042006,0
10.65973329,57.41281569,67.17702481,0
33.80274478,91.88619444,34.969693,0
31.94045943,38.49098406,45.54984278,0
25.59669751,32.06953181,22.11388018,0
10.42574605,45.10071148,33.85258597,0
19.44941185,66.44799433,30.81061368,0
34.46991344,30.53780427,70.89002746,0
27.03325897,37.29853139,87.12535815,0
14.02469653,78.85047873,40.93165833,0
21.51491872,61.3644,81.62211023,0
34.1684436,96.4047272,1.154924064,0
23.36770436,93.75365973,78.76976733,1
10.6153632,49.35205275,52.5953809,0
25.49430211,56.4401151,83.37289049,0
16.78041327,94.27202119,22.40406282,0
12.4711488,70.54803163,37.67428953,0
20.07271112,55.88053354,69.77085804,0
23.96307744,86.02846937,84.84203921,1
10.42601795,94.71528753,47.83165741,0
23.97617022,77.14451453,84.63600389,1
22.78007867,46.16325044,54.83193379,0
29.84770958,87.34823611,99.13710261,0
20.58874542,59.4368313,90.47111737,0
23.83626074,78.86326059,38.56279074,0
28.5502326,64.04475315,95.54826323,0
32.42864679,95.86054331,76.53418146,0
19.5008644,34.78626684,52.55027199,0
25.04083739,40.90576931,99.10432026,0
27.36527259,43.61977833,69.49833287,0
11.08176691,45.47003547,19.46068925,0
30.01901271,46.47993329,11.40367589,0
19.43575463,40.69951434,26.21157642,0
26.75597354,78.50422866,73.55022335,0
21.79160166,45.27090238,55.044682,0
27.55847857,46.48174367,39.71513335,0
28.10827448,43.81717836,75.84295207,0
14.78927534,57.90810538,2.378742747,0
26.55435586,97.10151721,81.357508,0
